frame,time_s,left_hip_deg,left_knee_deg,left_ankle_deg,right_hip_deg,right_knee_deg,right_ankle_deg,left_q_estimated_deg,right_q_estimated_deg,pelvic_tilt_deg,trunk_lean_deg,left_fppa_deg,right_fppa_deg,left_knee_foot_offset_cm,right_knee_foot_offset_cm,left_phase,right_phase,left_event,right_event,step_number,step_side,step_length_cm,stride_number,stride_side,stride_length_cm,ankles_distance_cm,ankles_horizontal_cm,ear_displacement_cm,ear_path_cm
0,0.0,176.69251554155096,177.21455757045797,177.95062737388557,,,,2.78544242954203,1.810781023932634,179.12684874068322,-0.8343025989457704,2.78544242954203,1.810781023932634,0.20490941114728048,-1.6363598064963447,,,,,,,,,,,11.340445547907917,11.336970511857313,,
1,0.016837139171101436,176.70746587534222,177.07129328549206,173.09422152069786,,,,2.928706714507939,1.7852024205188002,179.09022820498697,-0.8512051821860671,2.928706714507939,1.7852024205188002,0.13145472800244196,-1.6791632203836953,,,,,,,,,,,11.400058138496659,11.395383368422086,,
2,0.03367427834220287,176.64870672056517,177.09478150941078,173.5553319883806,,,,2.9052184905892204,1.87063914779867,179.06501924850318,-0.8307364997470247,2.9052184905892204,1.87063914779867,0.1187091665435202,-1.6715520045327197,,,,,,,,,,,11.464643820120234,11.458543559619335,,
3,0.050511417513304305,176.626522093261,177.1152020541305,173.81141127874196,,,,2.884797945869508,1.9814954848322657,178.99591953196418,-0.8553809503957879,2.884797945869508,1.9814954848322657,0.12144404410353175,-1.641726358689575,,,,,,,,,,,11.507538342841393,11.498895903995354,,
4,0.06734855668440574,176.6410041391865,177.1079504813196,174.0410887447236,,,,2.892049518680409,2.034901264028889,178.94104903227503,-0.886887217412451,2.892049518680409,2.034901264028889,0.10911129435178156,-1.6249816838174287,,,,,,,,,,,11.53624649449286,11.525883469351696,,
5,0.08418569585550718,176.66041111040704,177.10450050979023,174.20877458967954,,,,2.8954994902097724,2.063552881098019,178.91713402435875,-0.9186855169390915,2.8954994902097724,2.063552881098019,0.10289331801251,-1.6115911040660513,,,,,,,,,,,11.56415482346168,11.552303418610675,,
6,0.10102283502660861,176.6794596751009,177.07430264537672,174.44871480716756,,,,2.9256973546232814,2.10923580879313,178.89207647660191,-0.9403183218238379,2.9256973546232814,2.10923580879313,0.0855294255796065,-1.5994389594361886,,,,,,,,,,,11.595328557536057,11.582851484941369,,
7,0.11785997419771005,176.67839855890003,177.04984913607422,174.6702347116936,,,,2.950150863925785,2.186327461436349,178.9087069370971,-0.9628298143716367,2.950150863925785,2.186327461436349,0.06770111997613497,-1.584706741636504,,,,,,,,,,,11.616086052460142,11.604420896641082,,
8,0.1346971133688115,176.64672103253892,177.06008553556168,174.87477968038297,,,,2.939914464438317,2.301802739366991,178.89683163834744,-0.9706248091599593,2.939914464438317,2.301802739366991,0.06050271583233099,-1.5601960465231928,,,,,,,,,,,11.636398484762433,11.625629098097022,,
9,0.15153425253991293,176.59705223700033,177.06375003335467,175.14634749896416,,,,2.9362499666453346,2.4002879553137006,178.85558099971067,-0.9755001099308251,2.9362499666453346,2.4002879553137006,0.047163737544350125,-1.5315056328747698,,,,,,,,,,,11.66418184143709,11.655919157110734,,
10,0.16837139171101437,176.56937567386848,177.0706249583229,175.30192960776833,,,,2.9293750416771047,2.4508029171718704,178.84970610658607,-0.986510836352326,2.9293750416771047,2.4508029171718704,0.04148757657074125,-1.5193792889766053,,,,,,,,,,,11.682223809349937,11.675037499299117,,
11,0.18520853088211578,176.54962897051314,177.08106827308936,175.41712676016678,,,,2.9189317269106425,2.460367907423887,178.84889832676018,-0.999779810403936,2.9189317269106425,2.460367907423887,0.03831408657185992,-1.518527864830564,,,,,,,,,,,11.697297080571758,11.690311532464465,,
12,0.20204567005321722,176.54418580781103,177.0669518786258,175.5609828079428,,,,2.9330481213742132,2.4816755657292333,178.83188388144666,-1.0136837643684131,2.9330481213742132,2.4816755657292333,0.03294753437862971,-1.514219142636961,,,,,,,,,,,11.70450515998995,11.697742143193553,,
13,0.21888280922431866,176.5424865746873,177.04534044447817,175.70504154618382,,,,2.954659555521829,2.4793872586078862,178.8221943281437,-1.0300521272137175,2.954659555521829,2.4793872586078862,0.019221545115175515,-1.520024307269061,,,,,,,,,,,11.710308712076317,11.70375371367924,,
14,0.2357199483954201,176.53225217971172,177.04308867446278,175.75171638626225,,,,2.95691132553722,2.484513292590151,178.82316320445767,-1.03472949412295,2.95691132553722,2.484513292590151,0.015867449994406636,-1.5190438794645285,,,,,,,,,,,11.712290530779887,11.705456561971321,,
15,0.2525570875665215,176.53773315322283,177.014101166455,175.79830281003638,,,,2.985898833545008,2.488685172364285,178.82394311560827,-1.041011561784501,2.985898833545008,2.488685172364285,0.003663703901147548,-1.5204629197079307,,,,,,,,,,,11.712047036374486,11.704914746605658,,
16,0.269394226737623,176.5380724671434,177.0003648823557,175.75485240623755,,,,2.9996351176442886,2.4859309420413354,178.82534509975977,-1.0506527048588554,2.9996351176442886,2.4859309420413354,-0.002915482681899105,-1.5224495760486938,,,,,,,,,,,11.714001441800626,11.706978805141516,,
17,0.2862313659087244,176.51254699895287,177.0086645320102,175.7800707191345,,,,2.9913354679898134,2.510844188222279,178.82140470959752,-1.052171073635746,2.9913354679898134,2.510844188222279,-0.008230433411732872,-1.5247716419015338,,,,,,,,,,,11.723469504061008,11.715544648065325,,
18,0.30306850507982586,176.5064329115194,177.00794475487257,175.67577411199082,,,,2.992055245127432,2.517072876610598,178.8197654198081,-1.057144149102624,2.992055245127432,2.517072876610598,-0.01202314097137153,-1.5253134572671965,,,,,,,,,,,11.728178137595934,11.719904971722325,,
19,0.31990564425092727,176.51131210092703,177.00264989543086,175.57680728513608,,,,2.9973501045691364,2.534663499819402,178.8066125505878,-1.0662025194819647,2.9973501045691364,2.534663499819402,-0.01535143536044219,-1.5209789343418951,,,,,,,,,,,11.729102126299876,11.721324011965727,,
20,0.33674278342202874,176.50934838969323,177.0003648823557,175.57096599466698,,,,2.9996351176442886,2.540987901524943,178.78978408796306,-1.074772944279586,2.9996351176442886,2.540987901524943,-0.01723488877441241,-1.5198695028788716,,,,,,,,,,,11.7294762369095,11.721943229526484,,
21,0.35357992259313015,176.51075092794304,176.99176272117006,175.63753455429287,,,,3.008237278829938,2.5186276434021977,178.78104199226198,-1.0809672898606113,3.008237278829938,2.5186276434021977,-0.0211824007242404,-1.5330020753132667,,,,,,,,,,,11.724290289838159,11.71750550367439,,
22,0.37041706176423156,176.5071054984499,176.978451809552,175.71590827655328,,,,3.0215481904479873,2.5073337556166564,178.80426054424842,-1.0756278722254473,3.0215481904479873,2.5073337556166564,-0.02949023633106794,-1.5409228999446207,,,,,,,,,,,11.729398834714406,11.72289785659932,,
23,0.387254200935333,176.50901186425588,176.96545726021185,175.78894436941894,,,,3.034542739788151,2.5273166733313417,178.8304625037266,-1.069308639082841,3.034542739788151,2.5273166733313417,-0.03581141559713237,-1.540948700676319,,,,,,,,,,,11.731652367373673,11.725529531232539,,
24,0.40409134010643444,176.5165915404726,176.9459728590882,175.81282392971042,,,,3.0540271409118134,2.535975951403344,178.8344843461935,-1.0664429757539817,3.0540271409118134,2.535975951403344,-0.042958218277539914,-1.5422129365295318,,,,,,,,,,,11.7329303098656,11.727103375866129,,
25,0.4209284792775359,176.51754718630292,176.9380986982164,175.83862818777433,,,,3.0619013017835925,2.540833834996789,178.8435665435319,-1.0645288757670899,3.0619013017835925,2.540833834996789,-0.04721533900774657,-1.546057245552567,,,,,,,,,,,11.73382366020065,11.728728821963118,,
26,0.4377656184486373,176.5184468569995,176.93835445020983,175.8425361687736,,,,3.061645549790171,2.538521715747777,178.84379214397816,-1.071923612398885,3.061645549790171,2.538521715747777,-0.047963560226995015,-1.5505465728680576,,,,,,,,,,,11.734617838973238,11.729631847572556,,
27,0.4546027576197388,176.50609666654708,176.94296164136023,175.83444176842877,,,,3.0570383586397725,2.5620838928375917,178.85074843734296,-1.0589542591845147,3.0570383586397725,2.5620838928375917,-0.04958900632398301,-1.5538748672571283,,,,,,,,,,,11.737097934307728,11.732366725132566,,
28,0.4714398967908402,176.48353004617027,176.9542529753247,175.8628413331387,,,,3.0457470246753076,2.586037078430479,178.8497408931315,-1.0472644588640863,3.0457470246753076,2.586037078430479,-0.05098224583568701,-1.5560937301831754,,,,,,,,,,,11.739079753011298,11.734559787326916,,
29,0.4882770359619416,176.43574764643006,176.97780399506854,175.84079360396444,,,,3.022196004931459,2.6265918639063557,178.85101165808854,-1.0178787848973663,3.022196004931459,2.6265918639063557,-0.054284739493059446,-1.5584673974994119,,,,,,,,,,,11.745602500493755,11.740984169519773,,
30,0.505114175133043,176.40440836422215,176.98662619335275,175.80730839830727,,,,3.0133738066472517,2.6333646463018567,178.85044276100862,-1.006262447358437,3.0133738066472517,2.6333646463018567,-0.059780295344780764,-1.568452280666624,,,,,,,,,,,11.746945751087793,11.742274206104684,,
31,0.5219513143041445,176.39831452854477,176.98584672636892,175.75199300095244,,,,3.0141532736310808,2.6674844719389057,178.83025135691648,-1.0022343834183884,3.0141532736310808,2.6674844719389057,-0.06205075973422432,-1.5661044140820857,,,,,,,,,,,11.749123494097697,11.745163888054885,,
32,0.538788453475246,176.38946417360103,176.98072025381137,175.75120930601733,,,,3.01927974618863,2.6911547931423456,178.81267100318067,-0.9976312163766763,3.01927974618863,2.6911547931423456,-0.06705610168367941,-1.5597316333526248,,,,,,,,,,,11.756057440741595,11.752542897320577,,
33,0.5556255926463474,176.35760869917445,176.99834246493782,175.75369918899025,,,,3.0016575350621792,2.7320131486033574,178.83212980235618,-0.9715097228789663,3.0016575350621792,2.7320131486033574,-0.06963617485350164,-1.562776119693015,,,,,,,,,,,11.760112993255408,11.756696815123991,,
34,0.5724627318174488,176.31581058201172,177.014101166455,175.75185469136,,,,2.985898833545008,2.782137534735,178.83286824341482,-0.943127668512754,2.985898833545008,2.782137534735,-0.07515753143692118,-1.5645563701801923,,,,,,,,,,,11.76029279210443,11.757470837074937,,
35,0.5892998709885502,176.30365981687166,177.02145306333102,175.6784472130471,,,,2.9785469366689767,2.7786878241945487,178.83351512797884,-0.9420926909235121,2.9785469366689767,2.7786878241945487,-0.07577674899767851,-1.5798046026138417,,,,,,,,,,,11.74582019416746,11.74524129024998,,
36,0.6061370101596517,176.2873799278096,177.03225117035802,175.64315023175718,,,,2.9677488296419767,2.7980634002018974,178.8394511528972,-0.9228162625897043,2.9677488296419767,2.7980634002018974,-0.07484792265654251,-1.5915697362682308,,,,,,,,,,,11.73892494862111,11.738662103666933,,
37,0.6229741493307531,176.26256893726966,177.05655860480792,175.5251660989631,,,,2.9434413951920817,2.821749118527805,178.88261109785512,-0.9110950542725698,2.9434413951920817,2.821749118527805,-0.07069400485312874,-1.5953366430961713,,,,,,,,,,,11.732032121893356,11.73203131562049,,
38,0.6398112885018545,176.2492850889464,177.0830137762323,175.53664889855986,,,,2.916986223767708,2.8237601827240724,178.90597874748246,-0.9137000899362415,2.916986223767708,2.8237601827240724,-0.07097781290180918,-1.6018900289475198,,,,,,,,,,,11.725130426164082,11.725116719525367,,
39,0.656648427672956,176.2133822378471,177.12390083059145,175.52127213863247,,,,2.8760991694085476,2.8342085455436177,178.9318968101448,-0.9046762297192159,2.8760991694085476,2.8342085455436177,-0.0711068165603003,-1.6184282979660802,,,,,,,,,,,11.709021900582869,11.708991262213978,,
40,0.6734855668440575,176.22814886664494,177.12907818922196,175.5097413388676,,,,2.870921810778043,2.8399353268623315,178.95042150461882,-0.9085076419662278,2.870921810778043,2.8399353268623315,-0.07069400485312874,-1.6291614023525407,,,,,,,,,,,11.698207362636987,11.698025951242233,,
41,0.6903227060151589,176.19923956248257,177.16351315788924,175.56760631250972,,,,2.8364868421107587,2.8344848001555363,178.9589539326035,-0.9053130908597641,2.8364868421107587,2.8344848001555363,-0.06950717119501053,-1.641029738933723,,,,,,,,,,,11.68738798705391,11.687060640270488,,
42,0.7071598451862603,176.07579083198826,177.24650504087302,175.63120871688554,,,,2.753494959126982,2.8784123437593507,178.9921758174581,-0.862231358351448,2.753494959126982,2.8784123437593507,-0.07113261729199852,-1.645003051615249,,,,,,,,,,,11.68686552223702,11.686389821246335,,
43,0.7239969843573617,175.95300505066882,177.32006986435758,175.64706301090985,,,,2.6799301356424223,2.928038234925424,179.0244011733067,-0.8215116571658245,2.6799301356424223,2.928038234925424,-0.0767055753388145,-1.6465768962488405,,,,,,,,,,,11.689945484583497,11.689434307586724,,
44,0.7408341235284631,175.8559831439632,177.38655690869342,175.704767949612,,,,2.6134430913065785,2.96127752491833,179.05388956606336,-0.7752900388342645,2.6134430913065785,2.96127752491833,-0.08034347850826383,-1.6647922128277854,,,,,,,,,,,11.687310584858816,11.686647828563316,,
45,0.7576712626995646,175.83952246243052,177.4245812963299,175.6219831133291,,,,2.5754187036700955,2.994082777862843,179.09371473726728,-0.7494570130906104,2.5754187036700955,2.994082777862843,-0.06839773973198697,-1.6788020101399201,,,,,,,,,,,11.673543475679217,11.672354223202502,,
46,0.774508401870666,175.8138062676949,177.4520119198928,175.6601310369041,,,,2.5479880801071886,3.0049817789933115,179.12339521338063,-0.7445733947370325,2.5479880801071886,3.0049817789933115,-0.06752051485424741,-1.6817690942852157,,,,,,,,,,,11.667498848006042,11.666187848326627,,
47,0.7913455410417675,175.81792523656554,177.46440999329465,175.63174673007626,,,,2.5355900067053483,3.0411157707255825,179.1756620369641,-0.7504053284973231,2.5355900067053483,3.0411157707255825,-0.06217976339271543,-1.6695395474602583,,,,,,,,,,,11.662886967214986,11.66164691954774,,
48,0.8081826802128689,175.79015374461474,177.48658460863334,175.45722243669653,,,,2.5134153913666637,3.05883086788333,179.17507147663295,-0.742776579069996,2.5134153913666637,3.05883086788333,-0.06150894436856165,-1.667294883802513,,,,,,,,,,,11.661804142756527,11.660073074914148,,
49,0.8250198193839703,175.75891422095316,177.5080923127918,175.40044509270876,,,,2.4919076872081973,3.0663735119877913,179.20280657190375,-0.7317551807576412,2.4919076872081973,3.0663735119877913,-0.05944488583270388,-1.6652566259983534,,,,,,,,,,,11.661267971300923,11.659247451499805,,
50,0.8418569585550718,175.75369918899025,177.5139903233445,175.38586085463456,,,,2.486009676655499,3.1073421368647303,179.2886166474985,-0.7147209887939199,2.486009676655499,3.1073421368647303,-0.05779363900401766,-1.6607414979511645,,,,,,,,,,,11.664026230774036,11.662188734913403,,
51,0.8586940977261732,175.75037966861896,177.51595943690455,175.09124207786502,,,,2.484040563095448,3.1731747914252537,179.2915742636445,-0.7138237829768491,2.484040563095448,3.1731747914252537,-0.058129048516094545,-1.6367210167401198,,,,,,,,,,,11.670607836175678,11.669309736862113,,
52,0.8755312368972746,175.74627994620252,177.52021805512524,175.05668137720295,,,,2.479781944874759,3.2259184134566965,179.28668387222064,-0.7159271492253956,2.479781944874759,3.2259184134566965,-0.05717442144326033,-1.6140163728456842,,,,,,,,,,,11.674631944047736,11.673644259787414,,
53,0.892368376068376,175.74278217905302,177.51320311422205,174.79993720142022,,,,2.4867968857779488,3.2599668457218627,179.27466410547666,-0.7206648732435985,2.4867968857779488,3.2599668457218627,-0.062024959002526095,-1.601683623093934,,,,,,,,,,,11.675532550838577,11.674211875884774,,
54,0.9092055152394776,175.74512904812988,177.5058154854068,174.71861685676322,,,,2.4941845145932007,3.2827083708992006,179.26989329727314,-0.7288715922522769,2.4941845145932007,3.2827083708992006,-0.06512104680631275,-1.590666710658793,,,,,,,,,,,11.679972695509267,11.678649601736868,,
55,0.926042654410579,175.76103898843684,177.46881391945522,174.39321265894807,,,,2.531186080544785,3.3033976340632023,179.26281263054696,-0.7388843445727099,2.531186080544785,3.3033976340632023,-0.0784342243625954,-1.583442505783291,,,,,,,,,,,11.680295204655495,11.678881808322153,,
56,0.9428797935816804,175.76122380106943,177.46009076029725,174.2724474544596,,,,2.5399092397027516,3.322014005967816,179.23659894441977,-0.7393265228914682,2.5399092397027516,3.322014005967816,-0.08284614948299139,-1.5788757762727057,,,,,,,,,,,11.67959939117251,11.6781851885663,,
57,0.9597169327527818,175.752961293986,177.47291567938572,173.92100705860628,,,,2.5270843206142786,3.3238993654065894,179.23004971586238,-0.7449813867000445,2.5270843206142786,3.3238993654065894,-0.08114330119090872,-1.5786435696874217,,,,,,,,,,,11.674828674626935,11.673876466372697,,
58,0.9765540719238832,175.73993086057303,177.48075071837707,173.8766973228827,,,,2.5192492816229333,3.341815874528919,179.2375473735911,-0.7407821677754013,2.5192492816229333,3.341815874528919,-0.08116910192260694,-1.5777147433462857,,,,,,,,,,,11.667201333318648,11.666265250521722,,
59,0.9933912110949847,175.68615861330125,177.51257352618669,173.803338247612,,,,2.487426473813315,3.3566052826213877,179.23373170509464,-0.7277249367845177,2.487426473813315,3.3566052826213877,-0.08153031216638205,-1.57402523871344,,,,,,,,,,,11.665961285651402,11.664949413205113,,
60,1.010228350266086,175.71069977522717,177.4818386859058,172.79039757369753,,,,2.5181613140941863,3.370923350876865,179.13090626647914,-0.733807899152808,2.5181613140941863,3.370923350876865,-0.09221181508944604,-1.5680652696911506,,,,,,,,,,,11.665133243418461,11.664381797107751,,
61,1.0270654894371876,175.71028884659415,177.4829271233894,172.5217057602273,,,,2.517072876610598,3.404903361684063,179.13773692339797,-0.73548017409398,2.517072876610598,3.404903361684063,-0.0911281843581207,-1.555242306037134,,,,,,,,,,,11.66289180485218,11.662266137108498,,
62,1.043902628608289,175.72675675683453,177.4787314519963,172.51231785553472,,,,2.5212685480036896,3.4267413367379334,179.06708356649685,-0.7432624166120442,2.5212685480036896,3.4267413367379334,-0.09187640557736915,-1.546986071893703,,,,,,,,,,,11.662279037474347,11.66164691954774,,
63,1.0607397677793904,175.7505640185132,177.47818807943193,172.52845235399604,,,,2.5218119205680694,3.446680680109182,179.0618367974841,-0.757840381123621,2.5218119205680694,3.446680680109182,-0.09246982240642826,-1.5388072399453665,,,,,,,,,,,11.661553391895334,11.661027701986983,,
64,1.077576906950492,175.7313424301282,177.48822052447858,172.5823008667834,,,,2.511779475521422,3.471415801064211,179.068586265752,-0.7548135306846591,2.511779475521422,3.471415801064211,-0.09246982240642826,-1.5297253823875925,,,,,,,,,,,11.660559257452087,11.660098875645847,,
65,1.0944140461215932,175.7367139177605,177.4844828505176,172.62913692514525,,,,2.515517149482406,3.4885756536571364,179.0700317642575,-0.7612378043743361,2.515517149482406,3.4885756536571364,-0.0928826341135998,-1.522810786292469,,,,,,,,,,,11.659850543603252,11.659350654426598,,
66,1.1112511852926947,175.7438404110797,177.4778776333498,172.86520855026424,,,,2.522122366650194,3.5026343869534173,178.99084862210032,-0.7634479150929109,2.522122366650194,3.5026343869534173,-0.09455968167398425,-1.5189664772694338,,,,,,,,,,,11.662530594608404,11.661698521011136,,
67,1.1280883244637963,175.74310422187264,177.47764482384673,173.17743005179236,,,,2.522355176153269,3.504422686910601,178.9396154395717,-0.7698417157520935,2.522355176153269,3.504422686910601,-0.09422427216190736,-1.5182440567818836,,,,,,,,,,,11.661463895607255,11.660614890279811,,
68,1.1449254636348976,175.74181619646015,177.47927494161553,173.27757135276428,,,,2.520725058384471,3.5124030407064595,178.91348210680135,-0.7758242878046927,2.520725058384471,3.5124030407064595,-0.09332124655246958,-1.5095492101995827,,,,,,,,,,,11.667914884804677,11.667090873936065,,
69,1.161762602805999,175.7250613021248,177.47756722545088,173.2745962596499,,,,2.5224327745491166,3.5119013147545104,178.91499915694928,-0.7744454300982642,2.5224327745491166,3.5119013147545104,-0.09928121557475891,-1.5090589962973164,,,,,,,,,,,11.6659379037383,11.665078416863604,,
70,1.1785997419771004,175.69552149371106,177.48806467709727,173.22963355212806,,,,2.5119353229027297,3.5163029129776646,178.9234168912274,-0.7653884894204447,2.5119353229027297,3.5163029129776646,-0.10196449167137402,-1.5088525904437307,,,,,,,,,,,11.662366114943827,11.66120830710887,,
71,1.195436881148202,175.7044943704339,177.47748962944064,173.05154934431673,,,,2.5225103705593597,3.5178059954588434,178.9236041763167,-0.7677803837886228,2.5225103705593597,3.5178059954588434,-0.1034609341098709,-1.5062725172739084,,,,,,,,,,,11.655526502225202,11.654603319794125,,
72,1.2122740203193034,175.7017139686938,177.47896436178118,172.98689270486497,,,,2.5210356382188195,3.522700484981698,178.9159845340498,-0.7721235781608858,2.5210356382188195,3.522700484981698,-0.10361573850006023,-1.5034086360554058,,,,,,,,,,,11.65532493400881,11.65439691394054,,
73,1.2291111594904047,175.69261046251313,177.48106151832337,172.91952607282877,,,,2.518938481676628,3.5352947981221234,178.8780068207479,-0.7774583699635887,2.518938481676628,3.5352947981221234,-0.103125524597794,-1.496932652399152,,,,,,,,,,,11.653726901189252,11.65279726857525,,
74,1.2459482986615062,175.6962040509316,177.48627312624558,173.05039203266332,,,,2.513726873754422,3.542542532330259,178.86284535969517,-0.7828175675384863,2.513726873754422,3.542542532330259,-0.09680434533172957,-1.490792078254975,,,,,,,,,,,11.65125567485628,11.650320398332221,,
75,1.2627854378326075,175.7084173353602,177.4754729697879,173.14922900025857,,,,2.5245270302121128,3.5504373123733615,178.8455612117885,-0.7989801911109,2.5245270302121128,3.5504373123733615,-0.09750096508758158,-1.4802911804537988,,,,,,,,,,,11.66141390668959,11.66020207857264,,
76,1.279622577003709,175.71243524062052,177.45924320176837,173.33679167428386,,,,2.5407567982316266,3.5679858769343014,178.8347825466819,-0.8052365097581166,2.5407567982316266,3.5679858769343014,-0.103125524597794,-1.4713899280179121,,,,,,,,,,,11.671045642341683,11.669670947105887,,
77,1.2964597161748106,175.74301220715708,177.44671687682623,173.63271082190568,,,,2.5532831231737703,3.5714413979840742,178.80076512630183,-0.8275373685572099,2.5532831231737703,3.5714413979840742,-0.10211929606156335,-1.4674682167997823,,,,,,,,,,,11.673854697005327,11.6724058246659,,
78,1.313296855345912,175.77737978723144,177.44871082099104,173.8900945991096,,,,2.551289179008961,3.5585897132996536,178.79353779708595,-0.8585624091352119,2.551289179008961,3.5585897132996536,-0.09231501801623893,-1.4618178565578717,,,,,,,,,,,11.679698562734973,11.677849779054224,,
79,1.3301339945170134,175.82598766382313,177.4415092879306,174.21846233771223,,,,2.558490712069414,3.5510438770731128,178.7600475591981,-0.8964020197511203,2.558490712069414,3.5510438770731128,-0.08640665045734604,-1.4512137558299023,,,,,,,,,,,11.690234936542236,11.688144271001814,,
80,1.346971133688115,175.8645458153245,177.4456438588544,174.32397422444868,,,,2.554356141145604,3.546133244798739,178.74782038650065,-0.9275054848642806,2.554356141145604,3.546133244798739,-0.0764475680218323,-1.4444797648566663,,,,,,,,,,,11.698279120922022,11.695574881730902,,
81,1.3638082728592162,175.86137414612222,177.46541372436545,174.3494102912743,,,,2.5345862756345525,3.546519720350716,178.7058494347011,-0.943914014276172,2.5345862756345525,3.546519720350716,-0.06793332656141897,-1.439113212663436,,,,,,,,,,,11.706116093175357,11.703263499776972,,
82,1.3806454120303178,175.8773518551607,177.46086151339293,174.36024221350553,,,,2.5391384866070723,3.536125443495706,178.69816734075528,-0.9575785580419562,2.5391384866070723,3.536125443495706,-0.06654008704971498,-1.4358365197377618,,,,,,,,,,,11.709390367282435,11.70620478319057,,
83,1.397482551201419,175.87872968112018,177.4557019231608,174.07927118197443,,,,2.5442980768391976,3.5453049412168127,178.70059991841995,-0.9597122476401858,2.5442980768391976,3.5453049412168127,-0.06932656607312297,-1.4317858048611412,,,,,,,,,,,11.71006279885232,11.707107808800007,,
84,1.4143196903725206,175.8833416165043,177.45747194632474,173.6739537396319,,,,2.5425280536752553,3.550657893328861,178.68738667582906,-0.9664639616525721,2.5425280536752553,3.550657893328861,-0.06816553314670297,-1.4276834885211238,,,,,,,,,,,11.710836820803266,11.70793343221435,,
85,1.431156829543622,175.87507232519224,177.48082841477117,173.2843723201541,,,,2.5191715852288326,3.569412369871827,178.68868624503824,-0.9711054273969774,2.5191715852288326,3.569412369871827,-0.05931588217421277,-1.4203044792554322,,,,,,,,,,,11.711593911024035,11.7086816534336,,
86,1.4479939687147234,175.8736482573385,177.4885322482356,172.89215009132732,,,,2.5114677517643997,3.6125417871640195,178.6879832880033,-0.9740748850786312,2.5114677517643997,3.6125417871640195,-0.05655520388250299,-1.406010873894617,,,,,,,,,,,11.709140422694109,11.706359587580758,,
87,1.464831107885825,175.87274660140093,177.49844966004832,172.78082526491283,,,,2.5015503399516774,3.637227016593414,178.66735362383295,-0.9851462050174549,2.5015503399516774,3.637227016593414,-0.05201427510361589,-1.393110508045506,,,,,,,,,,,11.708043891596933,11.705559764898114,,
88,1.4816682470569262,175.88091614185296,177.50699289529257,172.7497209003803,,,,2.4930071047074307,3.629952328023819,178.64956004046374,-0.9981963735593958,2.4930071047074307,3.629952328023819,-0.04752494778812524,-1.3912012538998375,,,,,,,,,,,11.70866149661196,11.705869373678492,,
89,1.4985053862280278,175.8984019684087,177.50346233044272,172.77941224394758,,,,2.4965376695572843,3.643949907551388,178.6048422534661,-1.006575529756654,2.4965376695572843,3.643949907551388,-0.045847900227740795,-1.3898080143881335,,,,,,,,,,,11.708495404401653,11.70532755831283,,
90,1.5153425253991293,175.90647909842212,177.50628638269336,172.8057068956842,,,,2.493713617306639,3.6504458885572717,178.58504423608136,-1.0128208947494421,2.493713617306639,3.6504458885572717,-0.043371029984711464,-1.3885695792666188,,,,,,,,,,,11.709225887617858,11.705740370020001,,
91,1.5321796645702306,175.95116665487325,177.4939155824463,172.90292202742035,,,,2.5060844175536943,3.6559664432266743,178.6139062420434,-1.0250735740343848,2.5060844175536943,3.6559664432266743,-0.036327430231096816,-1.3868925317062344,,,,,,,,,,,11.710472385468028,11.706307986117363,,
92,1.549016803741332,176.05687382022492,177.4430398314903,173.05056138336488,,,,2.556960168509704,3.6396486859697745,178.603453600477,-1.050739295544364,2.556960168509704,3.6396486859697745,-0.033979563646558596,-1.3873311441451042,,,,,,,,,,,11.710827951801745,11.706385388312457,,
93,1.5658539429124334,176.10323260487786,177.44779034562498,173.18712490632998,,,,2.5522096543750195,3.634372761586974,178.57798102071382,-1.0680377969129815,2.5522096543750195,3.634372761586974,-0.02190482121179062,-1.3835126358537673,,,,,,,,,,,11.71958407512183,11.714203010017018,,
94,1.582691082083535,176.14206984672234,177.449631628354,173.22138256557582,,,,2.5503683716459875,3.635934800973274,178.54132070162868,-1.0809320561283735,2.5503683716459875,3.635934800973274,-0.01235855048344842,-1.3787653012212946,,,,,,,,,,,11.72441364958659,11.718047319040053,,
95,1.5995282212546365,176.1798659345829,177.43913875199826,173.4571324635872,,,,2.5608612480017428,3.6408320277740245,178.53414801882363,-1.0894073556031132,2.5608612480017428,3.6408320277740245,-0.009778477313626202,-1.3747919885397684,,,,,,,,,,,11.728905395720677,11.720988602453652,,
96,1.6163653604257378,176.20465298183748,177.44794373514588,173.79192724948868,,,,2.552056264854116,3.647548283188968,178.52170830482947,-1.095554343123604,2.552056264854116,3.647548283188968,0.00010320292679288868,-1.3662261456159586,,,,,,,,,,,11.728128954951133,11.71969856586874,,
97,1.6332024995968393,176.23589199015703,177.44005611858213,173.96820786200098,,,,2.5599438814178654,3.6502313298965703,178.52683091052938,-1.105984885872151,2.5599438814178654,3.6502313298965703,0.002296265121141773,-1.363259061470663,,,,,,,,,,,11.722232681485224,11.712887172700409,,
98,1.6500396387679406,176.2543525023001,177.43875661283246,174.11926694977208,,,,2.5612433871675364,3.649694878135449,178.51929907954985,-1.1143395148432018,2.5612433871675364,3.649694878135449,0.003818508291336881,-1.3617110175687697,,,,,,,,,,,11.72260679209485,11.712706567578522,,
99,1.666876777939042,176.2715911367808,177.43921518666994,174.2048160718947,,,,2.5607848133300593,3.651089488989669,178.49980310862355,-1.1224666944257025,2.5607848133300593,3.651089488989669,0.005289149998135545,-1.3593889517159297,,,,,,,,,,,11.72258663527321,11.712603364651729,,
100,1.6837139171101436,176.31931998531306,177.42336555456254,174.2949741379984,,,,2.5766344454374632,3.6523763500805444,178.49044748586445,-1.1362229547321938,2.5766344454374632,3.6523763500805444,0.010010683898910201,-1.357686103423847,,,,,,,,,,,11.71936557517526,11.709610479774735,,
101,1.700551056281245,176.35454586223733,177.39375690703653,174.64796427627462,,,,2.6062430929634672,3.655002286548381,178.48761386380636,-1.1439006269871927,2.6062430929634672,3.655002286548381,0.0042313199985084355,-1.3566282734242199,,,,,,,,,,,11.713233063759738,11.703108695386783,,
102,1.7173881954523464,176.3692925833237,177.3741534624507,174.74771023104404,,,,2.6258465375493074,3.6483534041015844,178.45588940745722,-1.1491790271328335,2.6258465375493074,3.6483534041015844,-0.002451069511331106,-1.3578925092774328,,,,,,,,,,,11.71081424516303,11.700348017095074,,
103,1.7342253346234477,176.4068596869183,177.36247612583435,174.76624689994898,,,,2.6375238741656517,3.647011437302922,178.3970138576907,-1.1623974903145302,2.6375238741656517,3.647011437302922,-0.001367438780005775,-1.3603177780570657,,,,,,,,,,,11.706806262748284,11.695549080999204,,
104,1.7510624737945493,176.45243148654208,177.33706899959125,174.723145190304,,,,2.662931000408747,3.634642126551853,178.3688362034878,-1.1738387235202783,2.662931000408747,3.634642126551853,-0.0041539178034137696,-1.3749209921982595,,,,,,,,,,,11.697465591600663,11.684661172222555,,
105,1.7678996129656508,176.48163747007675,177.33979010479098,174.63878220733608,,,,2.6602098952090216,3.5932492962210176,178.37143852812594,-1.1880897774605126,2.6602098952090216,3.5932492962210176,-0.00214146073095244,-1.4041274204806469,,,,,,,,,,,11.66999426252498,11.656641577598284,,
106,1.784736752136752,176.491612773409,177.35195877670301,174.6112568715956,,,,2.6480412232969854,3.541160520824434,178.3366047146715,-1.1984454428909714,2.6480412232969854,3.541160520824434,0.002605873901520439,-1.4387778031513592,,,,,,,,,,,11.633399149702514,11.621423578830212,,
107,1.8015738913078536,176.50323988810803,177.35144139520543,174.57194429590922,,,,2.648558604794573,3.4418488755248404,178.27285768424136,-1.2085655570600742,2.648558604794573,3.4418488755248404,0.0032508921939759933,-1.5038730492259738,,,,,,,,,,,11.56535213866705,11.554341676414834,,
108,1.8184110304789551,176.4902178734327,177.36433211354193,174.25239530594186,,,,2.635667886458066,3.3468504275881514,178.25310031180456,-1.2073737591749814,2.635667886458066,3.3468504275881514,0.005185947071342656,-1.571470966275316,,,,,,,,,,,11.496309380642607,11.485298918390392,,
109,1.8352481696500564,176.4255993822293,177.39653721882982,173.7629406170992,,,,2.6034627811701796,3.282768009405146,178.25002560712994,-1.194206083480006,2.6034627811701796,3.282768009405146,0.005521356583419544,-1.6185315008928731,,,,,,,,,,,11.449030346078482,11.437954575724154,,
110,1.852085308821158,176.36088932370103,177.41123951726115,173.37827232109098,,,,2.5887604827388486,3.1991044544390377,178.2811611747204,-1.1925415105155461,2.5887604827388486,3.1991044544390377,0.0030960878037866605,-1.6723776279470628,,,,,,,,,,,11.398260956279305,11.38779795330281,,
111,1.8689224479922593,176.28110903080707,177.44464788820113,172.19525755959683,,,,2.555352111798868,3.067841530869117,178.26468491762068,-1.193953813216322,2.555352111798868,3.067841530869117,0.0034056965841653265,-1.757416839624403,,,,,,,,,,,11.31413605803152,11.305390416258689,,
112,1.8857595871633608,176.14521808710742,177.5252747901481,171.69853571579247,,,,2.474725209851897,2.990746430693008,178.2740685789008,-1.181100835466143,2.474725209851897,2.990746430693008,0.0053665521932302115,-1.8093537125329242,,,,,,,,,,,11.258287955452122,11.25355674627696,,
113,1.9025967263344623,176.0563275717687,177.58645704015296,171.3674853602833,,,,2.4135429598470353,2.8790923357614133,178.34882076180133,-1.1721498001545623,2.4135429598470353,2.8790923357614133,0.006088972680780432,-1.8808217393369997,,,,,,,,,,,11.186429692581111,11.183275553131002,,
114,1.9194338655055636,175.98116897616467,177.6494799377731,171.21738400073892,,,,2.350520062226906,2.733445743493917,178.35105466747993,-1.1802965365523654,2.350520062226906,2.733445743493917,-0.004076515608319103,-1.9575015139441159,,,,,,,,,,,11.110632786761792,11.108401829742762,,
115,1.9362710046766651,175.9513601309749,177.68243554622913,171.11645882412407,,,,2.3175644537708706,2.614266825744636,178.38430564692473,-1.2022054881870219,2.3175644537708706,2.614266825744636,-0.01818951584724663,-2.0228031658723165,,,,,,,,,,,11.04567380080146,11.043151779277958,,
116,1.9531081438477664,175.9530534407644,177.68869346788873,170.91370625245546,,,,2.3113065321112742,2.5703976948501577,178.4457473330336,-1.230929503614753,2.3113065321112742,2.5703976948501577,-0.04651871925189457,-2.0551572834218867,,,,,,,,,,,11.017093040262754,11.014641970751423,,
117,1.969945283018868,175.93971962403106,177.69462874954405,170.46982589088574,,,,2.3053712504559485,2.5043655607164226,178.45449580546907,-1.26439152914405,2.3053712504559485,2.5043655607164226,-0.0840329831411096,-2.1086422002323015,,,,,,,,,,,10.992407383937614,10.98971846393094,,
118,1.9867824221899695,175.8748824211231,177.7113293786608,170.4674953603489,,,,2.2886706213392074,2.4134618626069937,178.56811926665097,-1.2942647863278474,2.2886706213392074,2.4134618626069937,-0.15436577775046323,-2.1804198358167555,,,,,,,,,,,10.968661035500864,10.965955990036877,,
119,2.003619561361071,175.93996078986572,177.51714165417252,170.82602458490484,,,,2.4828583458274807,2.3235528414596445,178.583018809168,-1.3313704799724206,2.4828583458274807,2.3235528414596445,-0.26551532990640436,-2.241180558966069,,,,,,,,,,,10.963497664069756,10.960666840038742,,
120,2.020456700532172,176.00374478484807,177.32204266768582,171.17314122732,,,,2.677957332314179,2.0572837476861423,178.53349457287914,-1.4218230328183503,2.677957332314179,2.0572837476861423,-0.3884042149850365,-2.3794724808685395,,,,,,,,,,,10.961756920952991,10.958912390283263,,
121,2.0372938397032736,175.80231328066378,177.25961678757685,171.57612727475146,,,,2.740383212423154,1.7413625628162777,178.53379695933137,-1.3262000725533347,2.740383212423154,1.7413625628162777,-0.5192913268901176,-2.5829370510407195,,,,,,,,,,,10.996145264942394,10.993304765636992,,
122,2.054130978874375,175.5152409844627,177.24245588814168,170.36917861245257,,,,2.757544111858323,1.5235420287379213,178.5133225900604,-1.2001208999410358,2.757544111858323,1.5235420287379213,-0.6585378758654227,-2.743701410252342,,,,,,,,,,,11.02481149040485,11.022020980017114,,
123,2.0709681180454766,175.44550939841642,176.9929342954663,169.8391400815272,,,,3.0070657045336873,1.400674909170192,178.57583214979894,-1.1738196957051334,3.0070657045336873,1.400674909170192,-0.8417746723861965,-2.832430126562528,,,,,,,,,,,11.049266552690437,11.046944486837598,,
124,2.087805257216578,175.54486270091368,176.73481257666305,169.70755098563595,,,,3.265187423336954,1.329279477082025,178.7191397964872,-1.2210539623507237,3.265187423336954,1.329279477082025,-0.9901804811143704,-2.8935778606873144,,,,,,,,,,,11.064255971534239,11.062192719271247,,
125,2.1046423963876792,175.69351994878053,176.54124100031828,169.77160707240225,,,,3.45875899968172,1.1951763435957616,178.9325947772806,-1.3025312366522448,3.45875899968172,1.1951763435957616,-1.1118051303397898,-2.995026337724724,,,,,,,,,,,11.075866300798438,11.074061055852429,,
126,2.1214795355587808,175.58766952990308,176.35094896793814,169.9297509162416,,,,3.6490510320618625,1.105883642931559,178.94943522941387,-1.2495630290707445,3.6490510320618625,1.105883642931559,-1.272079275649146,-3.1191020564614744,,,,,,,,,,,11.079718672550129,11.078369778046032,,
127,2.1383166747298823,175.77816833128767,175.9925876076077,170.69760144972912,,,,4.007412392392297,1.0848030139181901,178.92120596160703,-1.2973071086551213,4.007412392392297,1.0848030139181901,-1.4454085911978023,-3.210333443746388,,,,,,,,,,,11.07503987111123,11.0730290265845,,
128,2.155153813900984,175.94420765183284,175.651654882255,171.86879934938557,,,,4.348345117744998,1.0971789921168238,178.92265317363032,-1.3196993791375884,4.348345117744998,1.0971789921168238,-1.602380242849786,-3.2782151688444108,,,,,,,,,,,11.078259318663449,11.072332406828647,,
129,2.1719909530720853,176.08958783750467,175.2863195467232,172.06367667499404,,,,4.713680453276794,1.1201246571254444,178.897618609017,-1.3141774018651655,4.713680453276794,1.1201246571254444,-1.7546561613326932,-3.313691174929466,,,,,,,,,,,11.08161663887568,11.07212600097506,,
130,2.1888280922431864,175.8966834469808,175.21991924256437,172.31494568028285,,,,4.780080757435627,1.2106306703089729,178.84113133191173,-1.2224474634263631,4.780080757435627,1.2106306703089729,-1.8706046495845037,-3.366634276374218,,,,,,,,,,,11.085419827982571,11.065985426830885,,
131,2.205665231414288,175.79206154120928,174.932678627209,173.56992235850038,,,,5.067321372791014,1.2349554526535655,178.73696614681373,-1.1503184673183076,5.067321372791014,1.2349554526535655,-2.0568601317139694,-3.4195386767214226,,,,,,,,,,,11.118126286774395,11.086909820238143,,
132,2.2225023705853895,175.73432575640985,174.80491336180893,175.29647061853962,,,,5.195086638191071,1.1641565837228995,178.70478120178345,-1.1758622327678994,5.195086638191071,1.1641565837228995,-2.1686031006989697,-3.4521895026855227,,,,,,,,,,,11.178133144794401,11.127932983638317,,
133,2.239339509756491,175.57680728513608,174.74722526819048,176.048093338749,,,,5.252774731809524,1.1230905883494984,178.62044268716286,-1.150620716425167,5.252774731809524,1.1230905883494984,-2.2511912428649787,-3.5231157141239353,,,,,,,,,,,11.21684391761612,11.12295344242056,,
134,2.2561766489275925,175.64395948446912,174.64284086824208,176.49546557460337,,,,5.357159131757925,1.0290759197037005,178.56779654226864,-1.235924797576144,5.357159131757925,1.0290759197037005,-2.3110747411365526,-3.5636873647193896,,,,,,,,,,,11.253812334775345,11.147412536070474,,
135,2.2730137880986936,175.18232225284584,174.87539137969804,176.39163403261628,,,,5.124608620301956,0.9398278939038676,178.48790688534322,-1.0950088246199143,5.124608620301956,0.9398278939038676,-2.357619261120145,-3.6753400311434463,,,,,,,,,,,11.244691776120025,11.135002384123629,,
136,2.289850927269795,174.90068774725887,175.08203141485873,176.33943053078661,,,,4.917968585141267,0.8432552729900635,178.39162294957814,-1.0545894419042223,4.917968585141267,0.8432552729900635,-2.3481245918551994,-3.7557093103834083,,,,,,,,,,,11.21684794898045,11.126746149980198,,
137,2.3066880664408966,174.75069560128546,175.17338466191646,176.2787404329447,,,,4.826615338083542,0.838134621768063,178.31790034764387,-1.0356100707065672,4.826615338083542,0.838134621768063,-2.357954670632222,-3.8027827453668146,,,,,,,,,,,11.19820208269129,11.110104678034844,,
138,2.323525205611998,174.6959960724682,175.17431827343268,176.2529935552408,,,,4.825681726567325,0.8959111402916733,178.17455017163167,-1.0561271108263532,4.825681726567325,0.8959111402916733,-2.3908248028157573,-3.834724051209214,,,,,,,,,,,11.186700600263942,11.099629580965367,,
139,2.3403623447830997,174.65400886381425,175.21881285400755,175.88519735425152,,,,4.7811871459924475,0.9304113835961232,178.06670140391967,-1.1021070432037516,4.7811871459924475,0.9304113835961232,-2.4091691230531933,-3.8671168698563316,,,,,,,,,,,11.191775281679837,11.102957875354438,,
140,2.3571994839542008,174.59901587677516,175.213243812991,175.1201020476256,,,,4.78675618700899,1.0069710342093003,177.98269792789029,-1.161811614825139,4.78675618700899,1.0069710342093003,-2.4660339357160748,-3.9013673411857215,,,,,,,,,,,11.199771089687689,11.110878699985792,,
141,2.3740366231253023,174.51762904396924,175.22738379687502,174.56552193308863,,,,4.772616203124983,0.7488655784576679,177.96210371337017,-1.1482498698698205,4.772616203124983,0.7488655784576679,-2.521763516184235,-4.0543398794244805,,,,,,,,,,,11.169833371916228,11.107163394621248,,
142,2.390873762296404,174.58010946423622,175.16884095203065,173.86789922738535,,,,4.831159047969351,0.32983799354829557,177.85393693929933,-1.2117677501457138,4.831159047969351,0.32983799354829557,-2.564876538851964,-4.220986805463298,,,,,,,,,,,11.161602938504496,11.111988131448815,,
143,2.4077109014675053,174.69400147923213,175.0757015935506,169.88207038166004,,,,4.924298406449395,0.05934702544655579,177.61010554608518,-1.3432526922513817,4.924298406449395,0.05934702544655579,-2.627907726390721,-4.3617168965112505,,,,,,,,,,,11.152558169498539,11.125198106078305,,
144,2.424548040638607,174.53904648603788,175.1733440741982,168.21352438485275,,,,4.826655925801788,0.0,177.49433150874583,-1.3112030579041434,4.826655925801788,0.0,-2.6689050890591957,-4.441312153800266,,,,,,,,,,,11.197208754520908,11.18709406142234,,
145,2.441385179809708,174.3553097312029,175.261119456605,167.13973944886527,,,,4.738880543394998,0.15701751249847007,177.34322401420582,-1.310381178328769,4.738880543394998,0.15701751249847007,-2.7385412639126976,-4.405694243690871,,,,,,,,,,,11.3120687744042,11.309337928208516,,
146,2.4582223189808095,174.25983412152857,175.38836623627552,166.9844778119518,,,,4.611633763724484,0.1440176537594482,177.2966245407234,-1.3523143389082326,4.611633763724484,0.1440176537594482,-2.749171165372365,-4.414943806004683,,,,,,,,,,,11.345698415627101,11.345691159171311,,
147,2.475059458151911,173.89185957788283,175.4946735961951,167.8538247551393,,,,4.505326403804901,0.20463023449693196,177.19704975060603,-1.3575150896182175,4.505326403804901,0.20463023449693196,-2.8945066870284504,-4.395451353206676,,,,,,,,,,,11.602443915574707,11.60199562786145,,
148,2.4918965973230125,173.53858906876457,175.7525923944683,166.00953206065822,,,,4.247407605531691,0.10279207254188805,177.01755752950612,-1.3831457098050872,4.247407605531691,0.10279207254188805,-2.946830570912445,-4.446317495749721,,,,,,,,,,,11.7545843802162,11.75091745122359,,
149,2.508733736494114,173.33714486888795,175.88472144442107,165.4869378509926,,,,4.115278555578925,0.18130822512890177,176.7949807929136,-1.4379209435875178,4.115278555578925,0.18130822512890177,-3.0206464643010587,-4.439893113556864,,,,,,,,,,,11.903103067145553,11.894472722392496,,
150,2.525570875665215,173.22751918836266,175.949135712787,164.89236072458533,,,,4.050864287212988,0.35498198430556727,176.700178353177,-1.5205610774678724,4.050864287212988,0.35498198430556727,-3.1032346064670677,-4.351190197978376,,,,,,,,,,,12.1010559560087,12.086946180861235,,
151,2.5424080148363166,173.11347709085652,175.91375735030104,165.67848499712338,,,,4.08624264969896,0.4681369311339836,176.64058680257145,-1.5061250977917824,4.08624264969896,0.4681369311339836,-3.209662624722234,-4.33168484481452,,,,,,,,,,,12.283075280502464,12.267473900553695,,
152,2.559245154007418,173.1332148320235,175.81389983569468,166.79629833486936,,,,4.186100164305316,0.4097389534117042,176.50634440454215,-1.5832313619912017,4.186100164305316,0.4097389534117042,-3.3257143159008375,-4.339334761763043,,,,,,,,,,,12.46867365024649,12.450865501464659,,
153,2.5760822931785197,173.11182532800763,175.67776745465818,167.97747528817266,,,,4.322232545341819,0.3695652675205565,176.48336612982885,-1.614484614261322,4.322232545341819,0.3695652675205565,-3.4773452160912894,-4.367986474313919,,,,,,,,,,,12.659629703182226,12.63761119749639,,
154,2.592919432349621,173.18991795934573,175.4619247316811,168.83330540209107,,,,4.538075268318892,0.35054452113735124,176.4541607920185,-1.660273574516373,4.538075268318892,0.35054452113735124,-3.643605131154633,-4.385014957234745,,,,,,,,,,,12.837278222471738,12.812514357678639,,
155,2.6097565715207227,173.24482996311366,175.53362194468147,169.04481203969982,,,,4.466378055318529,0.27124204651104833,176.4545491607649,-1.724260470072879,4.466378055318529,0.27124204651104833,-3.633620247987421,-4.418994520881304,,,,,,,,,,,12.854258329020631,12.823015255479815,,
156,2.626593710691824,173.280547757073,175.62946063052578,168.77947311897304,,,,4.370539369474216,0.1440176537594482,176.4621673650251,-1.7707411208088237,4.370539369474216,0.1440176537594482,-3.613082865555636,-4.505852684143369,,,,,,,,,,,12.799963107980318,12.749379967213088,,
157,2.6434308498629253,173.27859252011265,175.78871183701062,168.1436760369609,,,,4.211288162989376,0.0,176.42117137371216,-1.8262767134688713,4.211288162989376,0.0,-3.5599075575256003,-4.587382996309751,,,,,,,,,,,12.737923636066212,12.67272599333767,,
158,2.660267989034027,173.33582048520682,175.89229493084378,168.05161087010285,,,,4.107705069156225,0.21306245513278554,176.1934738143293,-1.9273485138974673,4.107705069156225,0.21306245513278554,-3.5152206902242793,-4.699242068587393,,,,,,,,,,,12.636157487519768,12.573444777762912,,
159,2.6771051282051284,173.4163783586637,175.91653799162657,168.7311537504298,,,,4.083462008373431,0.45970129487346867,175.99416117167775,-2.035120322060359,4.083462008373431,0.45970129487346867,-3.501468900229127,-4.8033996224531155,,,,,,,,,,,12.575557212670704,12.515057721929834,,
160,2.69394226737623,173.4674505955662,175.95508634665637,171.02149322060376,,,,4.044913653343627,0.8602556347659913,175.95883216857916,-2.113799894612389,4.044913653343627,0.8602556347659913,-3.490297183403797,-4.979154206781406,,,,,,,,,,,12.49062604155735,12.429579897813625,,
161,2.710779406547331,173.47027290916324,176.12353709066286,170.97406642361227,,,,3.8764629093371354,1.1419244361735252,175.89582548744377,-2.196897017070343,3.8764629093371354,1.1419244361735252,-3.410185911480817,-5.11260849149046,,,,,,,,,,,12.354036161674095,12.290617156887,,
162,2.7276165457184325,173.46784084318654,176.28938462839378,171.51239848662487,,,,3.710615371606224,1.3611375703239617,175.87691028764047,-2.2782431798052105,3.710615371606224,1.3611375703239617,-3.3213023907804415,-5.253544988391998,,,,,,,,,,,12.1619972842799,12.095357219394854,,
163,2.744453684889534,173.48343973694878,176.5289790262407,172.581295731881,,,,3.4710209737592947,1.6173734974874776,175.86551549688886,-2.3681307645471352,3.4710209737592947,1.6173734974874776,-3.1847649186334497,-5.395965027366184,,,,,,,,,,,11.92314862312934,11.85264973630968,,
164,2.7612908240606355,173.45368669949366,176.71121406609115,174.03043995634854,,,,3.288785933908855,2.0963917838750774,175.86910513540414,-2.3796288639951264,3.288785933908855,2.0963917838750774,-3.0990548879319557,-5.619966979970149,,,,,,,,,,,11.768571601888096,11.685177186856519,,
165,2.778127963231737,173.48374065875652,176.82596158913702,173.88711133542907,,,,3.174038410862977,2.449524764889844,175.84227510229047,-2.4062050780875013,3.174038410862977,2.449524764889844,-3.0345272579547022,-5.762709528090563,,,,,,,,,,,11.665485584660717,11.56688083202017,,
166,2.794965102402838,173.5367988296406,176.91827889608464,173.30771703376996,,,,3.0817211039153563,2.7236173820646172,175.6961706711654,-2.4388790555451867,3.0817211039153563,2.7236173820646172,-2.9645040721257274,-5.842756298184297,,,,,,,,,,,11.55634607075864,11.455886084254418,,
167,2.8118022415739397,173.59963133406004,177.0595528978113,173.0523962792593,,,,2.940447102188699,2.925496620659999,175.6308755353011,-2.4822165922253143,2.940447102188699,2.925496620659999,-2.871389231426843,-5.888655799875435,,,,,,,,,,,11.443413043024059,11.340608415026761,,
168,2.828639380745041,173.61555083824453,177.13836629522848,173.0887986599279,,,,2.8616337047715206,3.2125393806065006,175.57493831141994,-2.5003955683945294,2.8616337047715206,3.2125393806065006,-2.842079600217663,-6.030933934825281,,,,,,,,,,,11.299761019111282,11.186965057763848,,
169,2.8454765199161427,173.66163013606973,177.0990295689476,174.7484564149462,,,,2.9009704310524,3.3889381685503963,175.58446313023896,-2.489771203945985,2.9009704310524,3.3889381685503963,-2.841357179730113,-6.111651523943169,,,,,,,,,,,11.235577667647627,11.106569977792189,,
170,2.862313659087244,173.74865431544853,177.03277891156884,175.16790839628587,,,,2.9672210884311596,3.5006773891557543,175.57858003635747,-2.4793950763293062,2.9672210884311596,3.5006773891557543,-2.8266507626621262,-6.154545240391464,,,,,,,,,,,11.170908939918899,11.02093734928579,,
171,2.8791507982583453,173.84263068263311,176.9713981011099,175.4581711324327,,,,3.028601898890088,3.5726473015442934,175.55394385159906,-2.4947121507865373,3.028601898890088,3.5726473015442934,-2.8170528904703875,-6.172399346726634,,,,,,,,,,,11.123926613769301,10.966420403207445,,
172,2.895987937429447,173.9140775766412,177.01436342275142,175.0019741582699,,,,2.9856365772485844,3.658268679207197,175.57744176671227,-2.5060579130986413,2.9856365772485844,3.658268679207197,-2.7573499973207016,-6.178269013187979,,,,,,,,,,,11.078317370309769,10.884451478602193,,
173,2.9128250766005483,174.18695169041945,176.9534817834996,174.491810002451,,,,3.0465182165004023,3.7106681407409496,175.63356778185818,-2.535101336859411,3.0465182165004023,3.7106681407409496,-2.690164891978531,-6.189840641354632,,,,,,,,,,,10.998114989552981,10.772502103763607,,
174,2.92966221577165,174.56043992193707,176.8076955146199,174.15564389177428,,,,3.192304485380106,3.7837207918589684,175.77618065943793,-2.576440818379108,3.192304485380106,3.7837207918589684,-2.6268240956593956,-6.21307420024888,,,,,,,,,,,10.889327816893157,10.638751110640024,,
175,2.9464993549427514,174.7471133600263,176.67586503976614,174.37656394222284,,,,3.324134960233863,4.118703485826529,175.88429472112458,-2.5938352543962764,3.324134960233863,4.118703485826529,-2.6130207042008466,-6.33816904788771,,,,,,,,,,,10.83908976091239,10.543236801893205,,
176,2.9633364941138525,174.85928210204196,176.60396334061696,176.4185946897324,,,,3.396036659383043,4.440428930247293,176.07328172737792,-2.6088220821114514,3.396036659383043,4.440428930247293,-2.602855215911747,-6.454065934676125,,,,,,,,,,,10.884611120629577,10.500046377030381,,
177,2.980173633284954,174.88940394118768,176.66586763082358,176.44185048009157,,,,3.334132369176416,4.7666608211348205,176.23852293908718,-2.61730526382668,3.334132369176416,4.7666608211348205,-2.530226156181252,-6.577896546461742,,,,,,,,,,,10.830852877317733,10.389593444630293,,
178,2.9970107724560555,174.89312408094452,176.71139265780556,178.63886242967604,,,,3.288607342194439,5.20194646818598,176.47453116500225,-2.601823600705093,3.288607342194439,5.20194646818598,-2.4724841186406303,-6.730275667871442,,,,,,,,,,,10.735405489218758,10.264872707601086,,
179,3.013847911627157,174.9091862147441,176.83145574538236,179.23638573869584,,,,3.168544254617643,5.355622622481576,176.6314424335001,-2.5590216443695843,3.168544254617643,5.355622622481576,-2.367604144287357,-6.791913615898495,,,,,,,,,,,10.633353920077901,10.111384154728363,,
180,3.0306850507982586,174.953911181691,176.80377304762126,179.8154825278411,,,,3.196226952378737,5.457399732372835,176.75016272408152,-2.540172586742066,3.196226952378737,5.457399732372835,-2.3657980930684817,-6.838238829662653,,,,,,,,,,,10.648036148959921,10.05903447011267,,
181,3.0475221899693596,174.9835061437965,176.83392813133895,179.76760995333038,,,,3.1660718686610494,5.74129255470757,176.77088220428638,-2.531849437771511,3.1660718686610494,5.74129255470757,-2.3249555347901962,-6.890911023424573,,,,,,,,,,,10.668027684661716,9.984625159894998,,
182,3.064359329140461,175.09020451901867,176.77323206893885,179.88465010218255,,,,3.226767931061147,5.887162554486139,176.80336665220278,-2.498818969751083,3.226767931061147,5.887162554486139,-2.307153029918423,-6.930824755361723,,,,,,,,,,,10.730923418359056,9.892955160171214,,
183,3.0811964683115627,175.1231540784212,176.8596938768513,179.55588643576644,,,,3.14030612314869,6.189444009283648,176.9067182022525,-2.446684312951929,3.14030612314869,6.189444009283648,-2.2204367706806982,-6.996964931070115,,,,,,,,,,,10.72392738870451,9.775355425090718,,
184,3.098033607482664,175.05509635175537,177.09518581908208,179.73020459073197,,,,2.904814180917924,6.250687032669134,176.85249882380978,-2.3873124159820898,2.904814180917924,6.250687032669134,-2.0945808014567704,-7.014625531917549,,,,,,,,,,,10.797459474044445,9.644777921966014,,
185,3.1148707466537657,174.93020469676588,177.380796204167,179.85734747400252,,,,2.6192037958329877,6.429071245380584,176.8090483030382,-2.3353937837475685,2.6192037958329877,6.429071245380584,-1.9166073542024338,-7.027642001059302,,,,,,,,,,,10.693166466337306,9.485251997875908,,
186,3.131707885824867,174.83908314820485,177.50573701116346,179.66897766185346,,,,2.494262988836539,6.7438957701018865,176.7042655505236,-2.283508928218349,2.494262988836539,6.7438957701018865,-1.8528279454444285,-7.069426286044573,,,,,,,,,,,10.849067387623814,9.456742189349372,,
187,3.1485450249959683,174.84652968934984,177.5292325608969,179.28426817371633,,,,2.470767439103099,6.730359319831194,177.0196060709351,-2.257129438916353,2.470767439103099,6.730359319831194,-1.836599285206247,-7.050952962148646,,,,,,,,,,,11.10952335529877,9.477872988610216,,
188,3.16538216416707,174.95488194584976,177.2860301653567,179.80020804885055,,,,2.713969834643308,6.721465836467388,177.1370942268249,-2.224129979774584,2.713969834643308,6.721465836467388,-1.9072932900593755,-7.0809463127478285,,,,,,,,,,,10.991389867581265,9.45024040496142,,
189,3.1822193033381714,175.0100164593195,177.11975204595956,179.93744274210025,,,,2.880247954040442,6.8546063502834045,177.00935845555873,-2.1778494814157234,2.880247954040442,6.8546063502834045,-1.9606234024796008,-7.094633600913736,,,,,,,,,,,11.098239566545125,9.450472611546704,,
190,3.199056442509273,175.04041931828448,177.06655145701222,178.50027828838532,,,,2.933448542987776,6.767382049123796,177.0183934504591,-2.1154301262221407,2.933448542987776,6.767382049123796,-1.977600283937031,-7.042490322151629,,,,,,,,,,,11.269509661195118,9.500500230309557,,
191,3.215893581680374,175.1207042712789,176.7811290625129,177.31831747889467,,,,3.218870937487111,6.764686271995117,176.99065825866506,-2.073118220621596,3.218870937487111,6.764686271995117,-2.0930843590182735,-7.022959168256074,,,,,,,,,,,11.444989306476247,9.539252929320286,,
192,3.2327307208514755,175.18301357346155,176.5723446234306,177.22667122975162,,,,3.4276553765693905,6.764599293639435,177.02311503043245,-1.9849839604127328,3.4276553765693905,6.764599293639435,-2.188495464838299,-7.002202479604855,,,,,,,,,,,11.86906787067127,9.582675560768394,,
193,3.249567860022577,175.13433435531505,176.57165925329096,177.49461860871008,,,,3.42834074670904,6.775028760633859,177.02586268808543,-1.9201764040551648,3.42834074670904,6.775028760633859,-2.193242799470772,-6.999751410093523,,,,,,,,,,,11.990216818906003,9.57374850760081,,
194,3.2664049991936785,175.10667165059004,176.54849427125177,177.50958515521776,,,,3.4515057287482307,6.993388495647366,177.0785151605817,-1.8695228271289508,3.4515057287482307,6.993388495647366,-2.195693868982103,-7.0325828411795115,,,,,,,,,,,12.057442237891452,9.530429079079495,,
195,3.28324213836478,175.02755818727513,176.58659707009818,175.03840510661036,,,,3.413402929901821,7.209575214234832,176.9460462681499,-1.7819323715635997,3.413402929901821,7.209575214234832,-2.197783728249659,-7.061569963242464,,,,,,,,,,,12.411094479824714,9.527539397129294,,
196,3.300079277535881,174.96857013802656,176.56943274485022,174.97156938423402,,,,3.430567255149782,7.244783816470374,177.1059209131682,-1.706581073748645,3.430567255149782,7.244783816470374,-2.2204883721440947,-7.070226108727217,,,,,,,,,,,12.620906836267523,9.525062526886265,,
197,3.3169164167069827,175.03256455580802,176.3897895694232,175.83947539055964,,,,3.6102104305768137,7.338903589096361,177.2531740037892,-1.654778845752873,3.6102104305768137,7.338903589096361,-2.279288239684343,-7.082300851161985,,,,,,,,,,,12.662888658104858,9.500268023724272,,
198,3.333753555878084,174.82251885622378,176.49568905513388,175.99689020766476,,,,3.50431094486612,7.413888971243779,177.28248047471635,-1.564782945029955,3.50431094486612,7.413888971243779,-2.2798042543183072,-7.088815535915787,,,,,,,,,,,12.952775197918829,9.498358769578603,,
199,3.3505906950491857,174.70894216991323,176.44322643512314,176.20150710526272,,,,3.5567735648768632,7.508095821122424,177.23508747332968,-1.4689101484497564,3.5567735648768632,7.508095821122424,-2.3366948677128874,-7.093472567987315,,,,,,,,,,,13.295745130656162,9.491469974215178,,
200,3.3674278342202872,174.75230093758844,176.36880725199356,176.02147420046302,,,,3.631192748006441,7.646832082373123,177.22385679147598,-1.424831801191342,3.631192748006441,7.646832082373123,-2.340126365028751,-7.133966816387676,,,,,,,,,,,13.385900143665541,9.37737913864564,,
201,3.3842649733913883,174.74304897456912,176.32320549404878,175.9955696009306,,,,3.6767945059512215,7.592539582995187,177.30884522103457,-1.35703510995815,3.6767945059512215,7.592539582995187,-2.353439542585033,-7.116538422125526,,,,,,,,,,,13.561080661713545,9.327686929394865,,
202,3.40110211256249,174.69776967233602,176.3402329678957,175.94734739136487,,,,3.6597670321042983,7.575046979882416,177.37663368902233,-1.31153901818376,3.6597670321042983,7.575046979882416,-2.3348372150306154,-7.126678109682928,,,,,,,,,,,13.631808530027028,9.292262524773205,,
203,3.4179392517335914,174.60286317592153,176.39152550871785,177.2620464783538,,,,3.608474491282152,7.541085807051218,177.3416209192003,-1.2504068350046482,3.608474491282152,7.541085807051218,-2.312880792355428,-7.128110050292179,,,,,,,,,,,13.629947652253293,9.26880965965952,,
204,3.434776390904693,174.52267145373236,176.44845991967327,177.4236694362567,,,,3.551540080326731,7.736900740417667,177.3397635485927,-1.180813998509725,3.551540080326731,7.736900740417667,-2.2950524867519566,-7.188599865758661,,,,,,,,,,,13.947651412202276,9.174688590424408,,
205,3.4516135300757944,174.44359822383862,176.40827676825893,178.70986680873088,,,,3.5917232317410708,7.894810605240593,177.50089869440959,-1.0916871890207807,3.5917232317410708,7.894810605240593,-2.3181183408901673,-7.285249406700201,,,,,,,,,,,13.941252830741117,9.080644923384387,,
206,3.4684506692468955,174.36006846151568,176.3692925833237,179.39058542656113,,,,3.6307074166763016,7.940922538732963,177.6437204216026,-0.9928897262870237,3.6307074166763016,7.940922538732963,-2.3350952223475976,-7.3142752298607006,,,,,,,,,,,14.06626705109339,9.06624811509678,,
207,3.485287808417997,174.31541731148425,176.38805446333532,179.47251026044114,,,,3.6119455366646775,8.551226288092892,177.57383070184068,-0.9482400522374023,3.6119455366646775,8.551226288092892,-2.3339083886894794,-7.435499967744798,,,,,,,,,,,14.586100193349171,9.04578813486009,,
208,3.5021249475890985,174.19558999321626,176.38025676476155,179.06163069081862,,,,3.6197432352384453,9.124598451230185,177.61808082409954,-0.8736393407980639,3.6197432352384453,9.124598451230185,-2.3447188952710345,-7.621729649142566,,,,,,,,,,,14.622335708473592,9.048290805834817,,
209,3.5189620867602,174.08271533647792,176.369454374832,179.1488915846307,,,,3.630545625167997,9.35908044513289,177.73180078741476,-0.7909971374721358,3.630545625167997,9.35908044513289,-2.356303423803536,-7.7113484906963405,,,,,,,,,,,14.66561643589736,9.047929595591041,,
210,3.5357992259313016,173.8916991042732,176.48347436764732,179.49875900754265,,,,3.516525632352682,9.74293702109776,177.93222865305822,-0.6811895611181098,3.516525632352682,9.74293702109776,-2.3428612425887625,-7.843822347600862,,,,,,,,,,,15.082403068296172,9.031081717792102,,
211,3.5526363651024027,173.67407771630204,176.50727366539476,179.51061042524026,,,,3.492726334605237,9.900038703998433,178.01187838317114,-0.5453037954832979,3.492726334605237,9.900038703998433,-2.376376393064753,-7.9360986645195535,,,,,,,,,,,15.15206020624418,9.019342384869411,,
212,3.569473504273504,173.62664729346196,176.5181094532802,179.21740290902335,,,,3.4818905467197965,10.168832562137851,178.0192603996283,-0.5057946607438901,3.4818905467197965,10.168832562137851,-2.365952897458671,-7.979740602187096,,,,,,,,,,,15.242459519931824,9.009151095848614,,
213,3.5863106434446057,173.55271590449172,176.62733469685205,179.14866170641648,,,,3.3726653031479543,10.48666687270756,177.81938954527334,-0.4843401450867959,3.3726653031479543,10.48666687270756,-2.3141966296720375,-8.005051119983053,,,,,,,,,,,15.310257392651828,8.934690184167545,,
214,3.6031477826157072,173.5409262257274,176.68926153719232,179.38738298536165,,,,3.3107384628076773,10.889075886631616,177.6970945531301,-0.4685362020523191,3.3107384628076773,10.889075886631616,-2.273044462613373,-8.03209028680279,,,,,,,,,,,15.365711227799963,8.873723055164644,,
215,3.6199849217868088,173.52349371051392,176.8156164061139,178.78485186636254,,,,3.1843835938861105,11.248118017440305,177.69108391591737,-0.45343737300709763,3.1843835938861105,11.248118017440305,-2.2209527853146627,-8.178470738092653,,,,,,,,,,,15.679946401881267,8.710120615466218,,
216,3.6368220609579103,173.50269652840947,176.8891947219767,178.41045301087362,,,,3.1108052780232924,11.39193248932142,177.718655021919,-0.45978439721181474,3.1108052780232924,11.39193248932142,-2.175827305574472,-8.258814216600916,,,,,,,,,,,15.559806907274226,8.657564524996939,,
217,3.6536592001290114,173.47823597809736,176.978451809552,178.8221406074148,,,,3.0215481904479873,11.491233764294265,177.8412474090778,-0.4621247963780355,3.0215481904479873,11.491233764294265,-2.109880635353816,-8.303694589389973,,,,,,,,,,,15.609063729177594,8.640819850124794,,
218,3.670496339300113,173.50480949082362,177.04805809670833,179.34418869441393,,,,2.9519419032916687,11.553704943972718,177.979703589322,-0.4565194563202658,2.9519419032916687,11.553704943972718,-2.040089656110125,-8.332514006696888,,,,,,,,,,,15.626637252555547,8.604698825747283,,
219,3.6873334784712144,173.42785604661398,177.0395819752249,179.2894816146411,,,,2.9604180247750946,11.391846039360104,178.1570676221016,-0.40937338077394253,2.9604180247750946,11.391846039360104,-2.060317429761531,-8.272682109888711,,,,,,,,,,,15.716062588621584,8.712081471075283,,
220,3.704170617642316,173.32414781025952,177.08489342401032,178.92407215250836,,,,2.9151065759896824,11.53336241564213,178.21337538165557,-0.3611696709709531,2.9151065759896824,11.53336241564213,-2.066096793661933,-8.328192384137436,,,,,,,,,,,15.74717827104964,8.704341251565817,,
221,3.7210077568134174,173.24242063080507,177.10294598333275,178.75384497230374,,,,2.897054016667255,11.859215816397153,178.28416792976242,-0.3374230615082632,2.897054016667255,11.859215816397153,-2.082815667802381,-8.420623505446317,,,,,,,,,,,15.84841550459627,8.70416064644393,,
222,3.7378448959845185,173.198650003299,177.11147233826642,178.5494960697586,,,,2.8885276617335762,12.050937608987311,178.36608722825946,-0.31628887837345065,2.8885276617335762,12.050937608987311,-2.0944517977982793,-8.469954504453318,,,,,,,,,,,16.058086763287605,8.686564547425741,,
223,3.75468203515562,173.16889727430993,177.13918728055705,178.56454947602472,,,,2.860812719442947,12.220338633167188,178.35682607156346,-0.3131643443444789,2.860812719442947,12.220338633167188,-2.090220477799771,-8.545331342109673,,,,,,,,,,,16.15689711550887,8.626887455007754,,
224,3.7715191743267216,173.14021645250142,177.163789217656,178.4967592910284,,,,2.8362107823440112,12.433270817906134,178.34838360415034,-0.3378768098926545,2.8362107823440112,12.433270817906134,-2.083383283899742,-8.600325601724434,,,,,,,,,,,16.18378470302988,8.571957697222238,,
225,3.788356313497823,173.12699078686947,177.17256811702404,178.62983493558286,,,,2.827431882975958,12.72485782789579,178.25021802711322,-0.3418273763526279,2.827431882975958,12.72485782789579,-2.0800807902423695,-8.634408368297786,,,,,,,,,,,16.13963642600276,8.532714784309244,,
226,3.8051934526689246,173.0964373111629,177.2202556876407,178.81188484754117,,,,2.7797443123592984,12.830890542148666,178.24168149503134,-0.34175494511010573,2.7797443123592984,12.830890542148666,-2.065425974637779,-8.665782058042824,,,,,,,,,,,16.085462952165148,8.5231685135809,,
227,3.8220305918400257,173.07785227598458,177.25747472898803,179.102343257569,,,,2.7425252710119707,12.75913864818071,178.22556613400909,-0.3383093872993074,2.7425252710119707,12.75913864818071,-2.0416635007437165,-8.654313632802964,,,,,,,,,,,16.07280608072144,8.513261032608783,,
228,3.838867731011127,173.04426993985757,177.3463468857903,179.51908015594904,,,,2.6536531142097033,12.451894761646969,178.23367271559744,-0.3400392422510699,2.6536531142097033,12.451894761646969,-2.0081741509994244,-8.627945285007382,,,,,,,,,,,16.132492848413815,8.527941648945072,,
229,3.8557048701822287,173.03936485133877,177.4039156657571,179.84298248750153,,,,2.596084334242903,12.318096242422087,178.21922930734965,-0.3544572642264613,2.596084334242903,12.318096242422087,-1.9825540244230897,-8.613922587329396,,,,,,,,,,,16.078575769347456,8.507559070903476,,
230,3.8725420093533303,173.02559824085662,177.47361286567113,179.84549493133997,,,,2.5263871343288713,12.16584767970187,178.2872547292389,-0.3640598293101841,2.5263871343288713,12.16584767970187,-1.9477230366304898,-8.608762440989752,,,,,,,,,,,16.01149709202354,8.477398015548255,,
231,3.889379148524432,173.06064515229357,177.4734579187704,179.72660234958232,,,,2.526542081229593,11.9667348648222,178.28366386692616,-0.39981546806694723,2.526542081229593,11.9667348648222,-1.9381767659021476,-8.548311326620817,,,,,,,,,,,15.978665660937551,8.468419360917274,,
232,3.906216287695533,173.07714390719815,177.4493246556556,179.64118024861136,,,,2.5506753443443984,11.867505267721214,178.2386759264443,-0.4087292064533203,2.5506753443443984,11.867505267721214,-1.9389507878530943,-8.510152044439147,,,,,,,,,,,15.967940619279746,8.45742824921383,,
233,3.9230534268666344,173.11347709085652,177.36589215311304,179.63043473247944,,,,2.6341078468869625,11.784067844991682,178.23219979682958,-0.4098851434469385,2.6341078468869625,11.784067844991682,-1.9670219839407599,-8.488015016642073,,,,,,,,,,,15.967822903441373,8.456112411897221,,
234,3.939890566037736,173.13844394184724,177.31357717105297,179.59313645531594,,,,2.6864228289470304,11.709151214531772,178.22845008994642,-0.4151942817078007,2.6864228289470304,11.709151214531772,-1.983405448569131,-8.478829956157506,,,,,,,,,,,15.970024028364378,8.455080382629292,,
235,3.9567277052088374,173.15172026042737,177.25619029591581,179.52316623367128,,,,2.7438097040841853,11.659590902295292,178.28770527399737,-0.42251783109064717,2.7438097040841853,11.659590902295292,-2.0113218402666075,-8.483151578716958,,,,,,,,,,,15.99015827436338,8.470019006282563,,
236,3.973564844379939,173.1607478951252,177.1709762191813,179.66311838779956,,,,2.8290237808186873,11.590749471249836,178.42935412552015,-0.4290767778128287,2.8290237808186873,11.590749471249836,-2.065761384149856,-8.488569732373584,,,,,,,,,,,16.051375347954604,8.509442524317446,,
237,3.99040198355104,173.19599751046226,177.05975262567026,179.69035700965247,,,,2.9402473743297435,11.495912726959148,178.54437489620972,-0.43412738949919344,2.9402473743297435,11.495912726959148,-2.1191688987651762,-8.491640019445674,,,,,,,,,,,16.1183959736322,8.536946104307752,,
238,4.007239122722142,173.21753552420662,177.00003859386428,179.73093082598135,,,,2.999961406135725,11.424150539044689,178.57863032111362,-0.43489312553277937,2.999961406135725,11.424150539044689,-2.14334418436641,-8.486944286276596,,,,,,,,,,,16.073892936544226,8.544918530402501,,
239,4.024076261893243,173.22627404864858,176.965715316001,179.73681284027003,,,,3.0342846839990045,11.382574845953798,178.62130305068956,-0.45285180626031146,3.0342846839990045,11.382574845953798,-2.155651133386462,-8.47774632542618,,,,,,,,,,,16.005472621172004,8.539809985526254,,
240,4.040913401064344,173.2272585588711,176.9520684381335,179.7451221562419,,,,3.0479315618665055,11.481544221635943,178.6767582610235,-0.4930905451763862,3.0479315618665055,11.481544221635943,-2.158102202897793,-8.505585314928561,,,,,,,,,,,15.859645273067922,8.48792471408113,,
241,4.057750540235446,173.20294807387242,176.95129779838237,179.81025436480667,,,,3.0487022016176297,11.341994904985427,178.68882337114164,-0.4802090023641069,3.0487022016176297,11.341994904985427,-2.159134232165722,-8.44932681946059,,,,,,,,,,,15.72581204011205,8.465581280430468,,
242,4.074587679406547,173.1858007640254,176.95271078665976,179.81337368640575,,,,3.0472892133402354,11.207514447512722,178.8470877803459,-0.4939839350581429,3.0472892133402354,11.207514447512722,-2.157405583141941,-8.394771172284697,,,,,,,,,,,15.621831866276752,8.439548342146963,,
243,4.091424818577649,173.17682637517802,176.94142514060937,179.5497604107377,,,,3.0585748593906317,10.971546826620397,179.0186791717814,-0.5036790588090576,3.0585748593906317,10.971546826620397,-2.1661520311876385,-8.352883684372634,,,,,,,,,,,15.545716482675534,8.383173743386347,,
244,4.10826195774875,173.05920372133505,177.0397142281459,179.22519275821855,,,,2.960285771854103,10.701014033115342,179.18906636016007,-0.47756100068141416,2.960285771854103,10.701014033115342,-2.1371778094905354,-8.3156532285321,,,,,,,,,,,15.345325424666905,8.331778685843489,,
245,4.125099096919851,172.97783608876927,177.20501646724767,178.7100184973675,,,,2.794983532752326,10.4993059836128,179.38246153001643,-0.46717423642332223,2.794983532752326,10.4993059836128,-2.04669464342487,-8.281157650251577,,,,,,,,,,,15.043048889727729,8.23365850319515,,
246,4.141936236090953,172.98473930707195,177.33288245552782,178.24598404569738,,,,2.667117544472177,10.229085260771086,179.4257514273593,-0.4615925508416277,2.667117544472177,10.229085260771086,-1.9599783841871452,-8.207264354667869,,,,,,,,,,,14.63005012725136,8.145549004445721,,
247,4.158773375262054,172.9166729585632,177.50260006214666,177.33662800106623,,,,2.497399937853345,9.76519105003183,179.3025626376598,-0.43291652267890984,2.497399937853345,9.76519105003183,-1.8741651505588584,-8.073642365202776,,,,,,,,,,,14.408862066948233,8.047944836431347,,
248,4.175610514433156,172.69776116422088,177.63553210891334,176.94475520126832,,,,2.3644678910866617,9.546970175252795,179.18920446410795,-0.38803308919345014,2.3644678910866617,9.546970175252795,-1.8562078412968956,-8.061619224231404,,,,,,,,,,,14.053257032134562,8.028181475950507,,
249,4.192447653604257,172.52241426181226,177.7517078131981,176.34365867552205,,,,2.248292186801905,9.381335525577498,179.17364077532014,-0.35525631681199465,2.248292186801905,9.381335525577498,-1.8364702815477558,-8.055362546794585,,,,,,,,,,,13.61702954840114,8.010507974737227,,
250,4.2092847927753585,172.46057980460364,177.75066341884408,176.4068596869183,,,,2.249336581155916,9.281057030008299,178.89831372467074,-0.32839016221041895,2.249336581155916,9.281057030008299,-1.8424560513017434,-8.05048620850362,,,,,,,,,,,13.416231322595397,8.024646775707852,,
251,4.2261219319464605,172.34347282226025,177.85077962276387,176.20826621549364,,,,2.1492203772361336,9.139144750361766,179.1235558554033,-0.3066101408193955,2.1492203772361336,9.139144750361766,-1.8136108332631309,-8.0297553205841,,,,,,,,,,,13.052805440985702,8.04629358960266,,
252,4.2429590711175615,172.2574696931072,177.91155868401046,176.19805479347562,,,,2.0884413159895416,8.894635873551266,179.43391463849827,-0.28587857786429494,2.0884413159895416,8.894635873551266,-1.8034711457057295,-7.927674725620084,,,,,,,,,,,12.874501421856483,8.15341822761368,,
253,4.2597962102886635,172.21933636369425,177.8237217582569,176.53163117215354,,,,2.1762782417430913,8.648517799111488,179.16970315154396,-0.28680415403903103,2.1762782417430913,8.648517799111488,-1.865083293001084,-7.7870736382306225,,,,,,,,,,,12.773754402212118,8.356211978761705,,
254,4.276633349459765,172.10976556005033,177.7558902486575,177.77586416549434,,,,2.2441097513425063,8.572926052311857,178.99665587739426,-0.27454733812310167,2.2441097513425063,8.572926052311857,-1.9112666027409018,-7.745818268245165,,,,,,,,,,,12.099378908448315,8.440348164829608,,
255,4.293470488630866,171.97534499879376,177.80197680828522,178.15739969303633,,,,2.198023191714782,8.524888438344618,179.06453780089458,-0.24787302568087877,2.198023191714782,8.524888438344618,-1.9093057471318369,-7.719501521912978,,,,,,,,,,,11.654259041280527,8.45686063311647,,
256,4.310307627801968,171.9104105803656,177.81644939230043,177.9365419637263,,,,2.1835506076995728,8.386959487069475,178.75529940269027,-0.24183476899379697,2.1835506076995728,8.386959487069475,-1.9089445368880618,-7.672660293514856,,,,,,,,,,,11.532504582123751,8.507043056269511,,
257,4.327144766973069,171.96195007059856,177.79646305648762,178.1756521287347,,,,2.2035369435123755,8.297229275918454,178.43341510211096,-0.2679714100715381,2.2035369435123755,8.297229275918454,-1.9050486264016302,-7.650484564620234,,,,,,,,,,,11.166630856094187,8.497832195053247,,
258,4.343981906144171,172.03215346481628,177.73998618912168,178.29808114059745,,,,2.26001381087832,7.8771878436226075,178.24752396980097,-0.2922052784631817,2.26001381087832,7.8771878436226075,-1.933455232001373,-7.524280285518381,,,,,,,,,,,11.009873673024446,8.535165853820574,,
259,4.360819045315272,172.09147668588724,177.65623442442615,177.6332154575942,,,,2.3437655755738547,7.452035074033262,177.88720907974928,-0.3418602137968979,2.3437655755738547,7.452035074033262,-1.9694214519886946,-7.389071551053847,,,,,,,,,,,10.791991331470152,8.545202338451183,,
260,4.377656184486373,172.1450457851519,177.63024023177573,177.35573132383547,,,,2.36975976822427,6.917754226421238,177.56375829449047,-0.38191858455534694,2.36975976822427,6.917754226421238,-1.9640807005271625,-7.2573717161002715,,,,,,,,,,,10.516062181232053,8.531115138943953,,
261,4.394493323657475,172.28700686366082,177.57828019936946,177.35299384286293,,,,2.421719800630541,6.486520198067353,177.47162683602195,-0.4334324426971486,2.421719800630541,6.486520198067353,-1.958559343943743,-7.142300452726201,,,,,,,,,,,10.30183225575879,8.524793959677888,,
262,4.411330462828576,172.3437035160408,177.54448964276148,177.27638261793538,,,,2.4555103572385235,5.992862136474088,177.53585197475692,-0.44895969651724216,2.4555103572385235,5.992862136474088,-1.9637194902833874,-7.002718494238819,,,,,,,,,,,10.230618204907369,8.571493284051671,,
263,4.428167601999678,172.43558203106136,177.47795524129012,177.67350080543483,,,,2.5220447587098818,5.4288498895274415,177.6707508226715,-0.4667197895076966,2.5220447587098818,5.4288498895274415,-1.9932871288095502,-6.781877131267886,,,,,,,,,,,10.404875540524296,8.764895568861544,,
264,4.445004741170779,172.48568636952317,177.46834998775574,179.15697680916333,,,,2.5316500122442562,4.863893754490363,177.6663010270361,-0.48860171805683245,2.5316500122442562,4.863893754490363,-1.9907586571031244,-6.564686571832253,,,,,,,,,,,10.518522119744905,8.924756902463729,,
265,4.46184188034188,172.47728217242695,177.47392278796696,179.34747902419338,,,,2.5260772120330444,4.5991290185193066,177.5922537058974,-0.49171594860719064,2.5260772120330444,4.5991290185193066,-2.006393900512247,-6.458245653211237,,,,,,,,,,,10.54429705071143,9.056185829734472,,
266,4.478679019512982,172.46320909248672,177.34361906886477,179.85463003741117,,,,2.6563809311352315,4.4310678008637865,177.4487656835629,-0.499187094023078,2.6563809311352315,4.4310678008637865,-2.1115576829142007,-6.412810564690667,,,,,,,,,,,10.563502470369293,9.213570293093628,,
267,4.495516158684083,172.42078324116724,177.23437535400882,179.92338331731614,,,,2.7656246459911813,4.327531003216819,177.24910895338428,-0.5281956252540951,2.7656246459911813,4.327531003216819,-2.209755267757634,-6.375244699338056,,,,,,,,,,,10.538507205263775,9.38302949888755,,
268,4.512353297855185,172.50718306313615,177.29998604791666,179.48679997818067,,,,2.7000139520833386,4.16631040096965,177.22792076380443,-0.5808455388254565,2.7000139520833386,4.16631040096965,-2.1724990111854012,-6.325862098867659,,,,,,,,,,,10.47251296494405,9.415383616437122,,
269,4.529190437026286,172.4190486634163,177.5249584417209,179.02702689692578,,,,2.475041558279088,3.9367145275759583,177.26560058269638,-0.5975906762689621,2.475041558279088,3.9367145275759583,-2.1114286792557095,-6.285109843150317,,,,,,,,,,,10.41011550787763,9.443661218378374,,
270,4.546027576197387,172.36284955040736,177.49063739581226,179.37161553185058,,,,2.509362604187743,3.41443521975674,177.04699276947952,-0.617674823854649,2.509362604187743,3.41443521975674,-2.1880568523994293,-6.126783653084177,,,,,,,,,,,10.486936380236223,9.567453129066443,,
271,4.562864715368489,172.3064973244079,177.33890727953232,179.7032645544039,,,,2.6610927204676784,2.554279511943548,176.8311582880981,-0.6340477198180464,2.6610927204676784,2.554279511943548,-2.326916390399261,-5.859397770129651,,,,,,,,,,,10.57837981728478,9.732990623642236,,
272,4.57970185453959,172.25554338867812,176.92935203889272,178.38202163320216,,,,3.0706479611072837,1.9066992847075994,176.6848253665658,-0.6634188208605178,3.0706479611072837,1.9066992847075994,-2.6460972422379676,-5.663531515442598,,,,,,,,,,,10.833319266013511,10.064426823037598,,
273,4.596538993710692,172.27437062415473,176.69269312467333,176.93924975031746,,,,3.307306875326674,1.5960587007027414,176.73147380405203,-0.7130152896926819,3.307306875326674,1.5960587007027414,-2.8211294060787067,-5.607427824364813,,,,,,,,,,,10.951569663296523,10.239329983219847,,
274,4.613376132881793,172.4120367065886,176.73445284413782,176.7538750754153,,,,3.26554715586218,1.6115552040741647,176.62083368416307,-0.8069578526560363,3.26554715586218,1.6115552040741647,-2.7858340051155386,-5.6919897225057365,,,,,,,,,,,10.83564697577641,10.172325482999563,,
275,4.630213272052894,172.44103191300584,176.74309737924068,176.24902406734242,,,,3.2569026207593197,1.4336771749697164,176.61485806931518,-0.868207254738186,3.2569026207593197,1.4336771749697164,-2.8231160624194698,-5.708502190792599,,,,,,,,,,,10.843317049546572,10.258061314432755,,
276,4.647050411223996,172.5157517360543,176.57874802432377,175.6172435106454,,,,3.4212519756762276,1.1741987233260431,176.65053611528336,-0.9257951817830622,3.4212519756762276,1.1741987233260431,-2.9203848209217673,-5.651031060934809,,,,,,,,,,,10.878578587049386,10.404041854381298,,
277,4.663887550395097,172.62421388794192,176.5349633317416,175.36531698267555,,,,3.465036668258392,0.9719670057632754,176.79106563192136,-1.0263067115277038,3.465036668258392,0.9719670057632754,-2.9441730955475283,-5.583768553397544,,,,,,,,,,,10.93319389841733,10.519835538242917,,
278,4.680724689566199,172.5804758536962,176.3844784333359,175.39686917934677,,,,3.615521566664114,0.8158935662150668,176.62275003750358,-1.120362470865793,3.615521566664114,0.8158935662150668,-3.11394191012183,-5.51009456403327,,,,,,,,,,,11.215503085840679,10.82601282130572,,
279,4.6975618287373,172.59686406829542,176.4929523986989,174.92645743963618,,,,3.5070476013011103,0.7290049827271332,176.59850370741154,-1.2883365462067184,3.5070476013011103,0.7290049827271332,-3.1263262613369767,-5.444573605885635,,,,,,,,,,,11.424587377885878,11.041036119278704,,
280,4.7143989679084015,172.6301751719992,176.67928279888037,175.29955354498077,,,,3.320717201119635,0.6081288751699674,176.5371384981437,-1.422634800093297,3.320717201119635,0.6081288751699674,-3.0962684089085477,-5.365339558840395,,,,,,,,,,,11.605880250527765,11.220273802386254,,
281,4.7312361070795035,172.62924340530856,176.93509520936897,175.05557180617075,,,,3.064904790631033,0.5410408974187533,176.4017150208603,-1.5628572816932549,3.064904790631033,0.5410408974187533,-3.0297025211271347,-5.310912915322995,,,,,,,,,,,11.713601530459304,11.346903793561127,,
282,4.748073246250605,172.598905190502,177.02007320229671,176.43833045432345,,,,2.9799267977032855,0.4643598586271196,176.28836862497303,-1.6301367017915314,2.9799267977032855,0.4643598586271196,-3.022426714788236,-5.267761191557718,,,,,,,,,,,11.771532235850469,11.438367387431326,,
283,4.7649103854217065,172.60017786166082,177.02349116911662,177.73427767631375,,,,2.9765088308833754,0.26540819175102115,176.22934985829662,-1.7026510917284934,2.9765088308833754,0.26540819175102115,-3.055038839654789,-5.180270910369047,,,,,,,,,,,11.876944350295018,11.592939571035375,,
284,4.781747524592808,172.5995149849406,177.12437730315776,178.59374774411265,,,,2.8756226968422425,0.08622923312350395,176.0451426538288,-1.7643927564663147,2.8756226968422425,0.08622923312350395,-3.027045045762218,-5.053963428340401,,,,,,,,,,,11.91463357539606,11.664278594180958,,
285,4.798584663763909,172.6543355188794,176.82164700827525,177.43242140539314,,,,3.1783529917247506,0.17017419378319687,175.95365654479832,-1.8468399558793493,3.1783529917247506,0.17017419378319687,-3.2570843695835667,-5.018951835425913,,,,,,,,,,,12.183648129539037,11.97223612773094,,
286,4.815421802935011,172.65313363682986,176.73661183346016,176.37922915414913,,,,3.2633881665398405,0.3006658966128839,175.86749459729344,-1.9437963202650763,3.2633881665398405,0.3006658966128839,-3.3994786078260546,-4.964834800688892,,,,,,,,,,,12.442044876315329,12.260997916897441,,
287,4.832258942106112,172.85441081138458,176.69891454574946,175.86430903975247,,,,3.30108545425054,0.31027427285050635,175.8522338697106,-2.085431310986128,3.30108545425054,0.31027427285050635,-3.4052837724581546,-4.929758705945159,,,,,,,,,,,12.526502765256593,12.387860114657599,,
288,4.849096081277214,173.01149371737077,176.6640478001313,175.7034458113248,,,,3.3359521998687,0.3268583580297104,175.79625392830778,-2.184339221138905,3.3359521998687,0.3268583580297104,-3.4226734656227564,-4.903854771320144,,,,,,,,,,,12.599953417037103,12.459431344388468,,
289,4.865933220448315,173.05375158890308,176.69470639946178,176.13608511045203,,,,3.3052936005382207,0.43160074478910815,175.74434067787735,-2.2487708050101523,3.3052936005382207,0.43160074478910815,-3.4330195590337436,-4.846964157925564,,,,,,,,,,,12.692072510747009,12.54083265289636,,
290,4.882770359619416,173.05654774643597,176.7586430982024,177.66980210131945,,,,3.2413569017975874,0.5241405410628772,175.57533350472158,-2.2776413170940724,3.2413569017975874,0.5241405410628772,-3.433870983179785,-4.796884937699315,,,,,,,,,,,12.797462855824188,12.639830060422437,,
291,4.899607498790518,172.96538824193502,176.89858562980191,178.8168362128647,,,,3.1014143701980856,0.6519209499152225,175.4365116204305,-2.2921458623259383,3.1014143701980856,0.6519209499152225,-3.4215382334280346,-4.711213608095368,,,,,,,,,,,12.959142334738232,12.791951174515155,,
292,4.916444637961619,172.90220339235157,177.0813365413172,179.32304678384648,,,,2.9186634586828006,0.6519209499152225,175.23867240202537,-2.3299891684156213,2.9186634586828006,0.6519209499152225,-3.3753033222248208,-4.6845614522511045,,,,,,,,,,,13.028852686695366,12.872681663998891,,
293,4.933281777132721,172.81817986652658,177.20838019483253,179.40586806473405,,,,2.791619805167471,0.7654059109030413,175.10431444593547,-2.3498680256677784,2.791619805167471,0.7654059109030413,-3.3615515322296683,-4.6461957642158485,,,,,,,,,,,13.090236658769763,12.942240436657299,,
294,4.950118916303822,172.7683349949396,177.26068844452607,178.19940682792466,,,,2.7393115554739325,0.7981938816269007,174.9518722601247,-2.3684801865783696,2.7393115554739325,0.7981938816269007,-3.3734456695425488,-4.627322528978599,,,,,,,,,,,13.149916976279213,13.00578763883002,,
295,4.966956055474923,172.60564221545897,177.4703609725514,175.9025580324531,,,,2.52963902744861,0.836966468536275,174.81943001205727,-2.3770241049771883,2.52963902744861,0.836966468536275,-3.3404207329688242,-4.606385235205491,,,,,,,,,,,13.237835388359503,13.090465640263586,,
296,4.983793194646025,172.51729880468662,177.6031393148337,175.69893536095924,,,,2.3968606851663026,0.9458466428227723,174.79061974452458,-2.3847867628250117,2.3968606851663026,0.9458466428227723,-3.3238566632185655,-4.572831383631954,,,,,,,,,,,13.29356900019199,13.14567920609778,,
297,5.000630333817126,172.4302138222266,177.62537222356116,175.30334747945278,,,,2.3746277764388424,1.1671782964124873,174.79476665765318,-2.391971266590772,2.3746277764388424,1.1671782964124873,-3.378580015150495,-4.501105349510896,,,,,,,,,,,13.422077607143642,13.272334998004354,,
298,5.017467472988228,172.369868011224,177.5460046128698,176.25163510015722,,,,2.453995387130192,1.3762926936075246,174.79659577589646,-2.4186171568992467,2.453995387130192,1.3762926936075246,-3.4917678251105957,-4.424722283318309,,,,,,,,,,,13.602116725479567,13.453636739647761,,
299,5.034304612159329,172.3251675090458,177.44595038944814,176.5323086404522,,,,2.554049610551857,1.6042526711004825,174.81430746959316,-2.452927658910499,2.554049610551857,1.6042526711004825,-3.599511680682371,-4.341308517737957,,,,,,,,,,,13.777081162399599,13.629571929097938,,
300,5.05114175133043,172.29240323478973,177.4440351759552,176.9869510307213,,,,2.5559648240447927,1.7442820903555685,174.81556531710675,-2.466951425467401,2.5559648240447927,1.7442820903555685,-3.6372839518885685,-4.298969517021174,,,,,,,,,,,13.84885396034686,13.703568427608438,,
301,5.067978890501532,172.24176898354955,177.4580878952764,177.4898575058029,,,,2.5419121047235933,1.7700095924963648,174.8050873273681,-2.468685012985724,2.5419121047235933,1.7700095924963648,-3.657795533588655,-4.288171910805469,,,,,,,,,,,13.902003467645196,13.757208148809044,,
302,5.084816029672633,172.20565073451516,177.5252747901481,177.76427858007347,,,,2.474725209851897,1.7900194079017808,174.80824824281237,-2.4799840537077724,2.474725209851897,1.7900194079017808,-3.6429601128621774,-4.276122969102398,,,,,,,,,,,13.942576730786381,13.795677039771093,,
303,5.101653168843735,172.14944501373108,177.63984049084277,177.73082495711222,,,,2.360159509157228,1.833123173052286,174.81273645694552,-2.4863391997737057,2.360159509157228,1.833123173052286,-3.611225212873364,-4.2612359469125245,,,,,,,,,,,13.986031613149112,13.82717973317462,,
304,5.118490308014836,172.12017122754432,177.65748739138982,177.2091516196202,,,,2.3425126086101784,1.8386663054780001,174.8160386039586,-2.4880573428764974,2.3425126086101784,1.8386663054780001,-3.6222937267719013,-4.2587719770353445,,,,,,,,,,,14.040248625721464,13.871505390232167,,
305,5.135327447185938,172.10504021635268,177.6161585897579,177.10375693660387,,,,2.3838414102420984,1.8271348455537861,174.84120543635237,-2.480905375813672,2.3838414102420984,1.8271348455537861,-3.654622043589774,-4.260887637034599,,,,,,,,,,,14.105542214921009,13.932756327283746,,
306,5.152164586357039,172.067041217737,177.63263664878585,176.20336337338392,,,,2.367363351214152,1.8269206138073741,174.8562596772887,-2.4678592353279174,2.367363351214152,1.8269206138073741,-3.661846248465276,-4.25767544593817,,,,,,,,,,,14.15720979269243,13.971431624099381,,
307,5.16900172552814,172.09197311064403,177.63429076373745,175.6587322358356,,,,2.3657092362625463,1.8150989420765313,174.88545067817125,-2.477954823544199,2.3657092362625463,1.8150989420765313,-3.6562990911501583,-4.2521669897206,,,,,,,,,,,14.183383022454546,13.988614911410398,,
308,5.185838864699242,172.1050153535572,177.6579051959188,175.01162647149152,,,,2.3420948040811993,1.821771496677485,174.9500052272868,-2.483079558412142,2.3420948040811993,1.821771496677485,-3.6395802170097102,-4.246632732771331,,,,,,,,,,,14.193563023655225,13.992175412384752,,
309,5.2026760038703435,172.10098860737904,177.68606984732926,174.7819946172686,,,,2.3139301526707357,1.8159612940807222,174.95596186292852,-2.495323045763126,2.3139301526707357,1.8159612940807222,-3.6251318072587058,-4.240130948383379,,,,,,,,,,,14.204436419520295,14.003037520429704,,
310,5.219513143041445,172.09892631140534,177.65590041295027,174.96553375762386,,,,2.344099587049726,1.8363231754300386,174.94700815335872,-2.501815831931233,2.344099587049726,1.8363231754300386,-3.649539299445224,-4.23531911192166,,,,,,,,,,,14.225222133994675,14.028115831640376,,
311,5.2363502822125465,172.09728679508734,177.65114590738676,175.04611091383128,,,,2.3488540926132373,1.848432679114751,174.90074636219217,-2.518687626280459,2.3488540926132373,1.848432679114751,-3.6699218774868196,-4.225063321071617,,,,,,,,,,,14.24504999630476,14.0538649618752,,
312,5.253187421383648,172.10949191083535,177.6158301895608,175.42054736148123,,,,2.3841698104392037,1.8635114494231289,174.87547518546026,-2.527780210000972,2.3841698104392037,1.8635114494231289,-3.6946389784537166,-4.205493466078515,,,,,,,,,,,14.275725453748214,14.095481542104434,,
313,5.2700245605547495,172.14209767288614,177.54752051824772,176.15773487667633,,,,2.4524794817522775,1.8742972536799414,174.76451132660145,-2.530108075863364,2.4524794817522775,1.8742972536799414,-3.717730633323625,-4.188026370718819,,,,,,,,,,,14.293477969702321,14.129744913799673,,
314,5.286861699725851,172.19219005136856,177.4627894198198,176.9268666616982,,,,2.5372105801801865,1.9101859117379547,174.65807422624172,-2.529013853667833,2.5372105801801865,1.9101859117379547,-3.740564280876552,-4.1548595301207545,,,,,,,,,,,14.33021982418632,14.173993168662124,,
315,5.303698838896953,172.2449065980184,177.35469518730406,177.50463863071857,,,,2.64530481269594,1.93026392788272,174.61687604391093,-2.522391217789319,2.64530481269594,1.93026392788272,-3.7584957894068163,-4.122905323912506,,,,,,,,,,,14.340915840020966,14.202838386700735,,
316,5.320535978068054,172.26741294291082,177.33979010479098,177.61123732454902,,,,2.6602098952090216,1.929655498042564,174.56837854477527,-2.5131612690660226,2.6602098952090216,1.929655498042564,-3.7378294033165402,-4.10964374781962,,,,,,,,,,,14.32426953043842,14.189060795973885,,
317,5.337373117239155,172.28308921016477,177.33383670310093,177.6494799377731,,,,2.6661632968990716,1.9135639178543329,174.49503215919464,-2.5021731962783433,2.6661632968990716,1.9135639178543329,-3.7179886406406073,-4.11152720123359,,,,,,,,,,,14.289827166167024,14.15330098184015,,
318,5.354210256410257,172.27790263299104,177.371918117061,177.52266612298865,,,,2.628081882939,1.8519232887222472,174.41753558462923,-2.4864226715574205,2.628081882939,1.8519232887222472,-3.6735339799245708,-4.119409324767397,,,,,,,,,,,14.244172771427019,14.101828522102196,,
319,5.371047395581358,172.26436774178856,177.38603268403762,177.56241018979705,,,,2.613967315962384,1.8053691085259231,174.4143541404914,-2.4733758841940676,2.613967315962384,1.8053691085259231,-3.6572537182229925,-4.115371510256625,,,,,,,,,,,14.243874450466759,14.088050931375346,,
320,5.38788453475246,172.24695685020052,177.39841748880363,177.95034089807282,,,,2.6015825111963693,1.7629192166602081,174.41180232378937,-2.4589844872801363,2.6015825111963693,1.7629192166602081,-3.638290180424799,-4.112249621721141,,,,,,,,,,,14.231588464541211,14.066842729919408,,
321,5.404721673923561,172.20973123897537,177.44572048805645,178.2838819136916,,,,2.554279511943548,1.719308138786829,174.42680709821542,-2.4446361341442753,2.554279511943548,1.719308138786829,-3.607613110435613,-4.115500513915117,,,,,,,,,,,14.20573451883386,14.034075800662665,,
322,5.421558813094662,172.16649015681952,177.50252168887255,178.6491085612153,,,,2.497478311127452,1.6330273068429904,174.46953237178198,-2.426187142014735,2.497478311127452,1.6330273068429904,-3.575542800934723,-4.1304649383000855,,,,,,,,,,,14.181938181479445,14.001515277259509,,
323,5.438395952265764,172.1622817647298,177.46842730380538,179.46660805124995,,,,2.5315726961946154,1.598386629841599,174.5290867657454,-2.4149444132604385,2.5315726961946154,1.598386629841599,-3.580186932640403,-4.130503639397633,,,,,,,,,,,14.186891921965504,14.001515277259509,,
324,5.455233091436865,172.17050023917986,177.43600689100802,178.21545544848746,,,,2.56399310899198,1.587206098436269,174.62129257947194,-2.4098125255396647,2.56399310899198,1.587206098436269,-3.5814253677619177,-4.124943581716666,,,,,,,,,,,14.203718836669937,14.003347129210082,,
325,5.472070230607967,172.18239210630182,177.41775018927146,177.74544870038625,,,,2.582249810728541,1.5765670286047282,174.7318952203314,-2.406325524083545,2.582249810728541,1.5765670286047282,-3.581915581664184,-4.123124630131941,,,,,,,,,,,14.232481814876262,14.003837343112348,,
326,5.488907369779068,172.18997816579707,177.41003003393783,177.68810077733215,,,,2.5899699660621707,1.5719676065930912,174.81669619547588,-2.4017651719315367,2.5899699660621707,1.5719676065930912,-3.5808577516645568,-4.1216410880592935,,,,,,,,,,,14.268275492470352,14.003837343112348,,
327,5.505744508950169,172.21124307607965,177.3774354130784,177.22356735979236,,,,2.6225645869216123,1.5853555858996629,174.83049180356102,-2.4023664502358795,2.6225645869216123,1.5853555858996629,-3.5860436987358995,-4.117022757085311,,,,,,,,,,,14.267853005488794,14.000096237016106,,
328,5.522581648121271,172.24723532106918,177.34140937860766,177.41328180186454,,,,2.658590621392335,1.6153152480725907,174.84576731875956,-2.4017131464006156,2.658590621392335,1.6153152480725907,-3.59053302605139,-4.1052447230650735,,,,,,,,,,,14.245203188149217,13.973650487025429,,
329,5.539418787292372,172.27421819947588,177.41600735717847,178.2294376673063,,,,2.583992642821528,1.6325478887155498,174.852588012545,-2.405625966702519,2.583992642821528,1.6325478887155498,-3.529230487536414,-4.0954920464831455,,,,,,,,,,,14.163224588269578,13.884018745105804,,
330,5.556255926463474,172.27691147566853,177.51753585162885,178.73560571228145,,,,2.4824641483711503,1.6532741084286044,174.86520319657072,-2.4083865021567843,2.4824641483711503,1.6532741084286044,-3.4627162012183974,-4.082591680634034,,,,,,,,,,,14.097918098704184,13.817659263177978,,
331,5.573093065634575,172.2921231420326,177.62751621723865,179.23972428886165,,,,2.37248378276135,1.6611859564093834,174.8997937190543,-2.4069845212771788,2.37248378276135,1.6611859564093834,-3.376051543444069,-4.076218899904573,,,,,,,,,,,13.992515659534023,13.717500822725478,,
332,5.589930204805676,172.30458432551194,177.7298763794826,179.79825881092043,,,,2.27012362051741,1.660243239787178,174.95401645992837,-2.402548019156854,2.27012362051741,1.660243239787178,-3.289438487133137,-4.073174413564183,,,,,,,,,,,13.878877949314933,13.615200921542028,,
333,5.606767343976778,172.33481398588054,177.65598391135973,179.39931728959388,,,,2.3440160886402737,1.7131505774312643,175.0194631679002,-2.3895037584635777,2.3440160886402737,1.7131505774312643,-3.306389567858869,-4.0565200412529805,,,,,,,,,,,13.837832210274525,13.576938436433565,,
334,5.623604483147879,172.40337768270436,177.50252168887255,178.28684942256874,,,,2.497478311127452,1.8308798447245636,175.08583661097933,-2.3802169038269936,2.497478311127452,1.8308798447245636,-3.362893170277976,-4.020141009558487,,,,,,,,,,,13.825572025080676,13.563264048633506,,
335,5.640441622318981,172.57595491797514,177.15792871222172,177.68810077733215,,,,2.842071287778282,1.8344038436389383,175.15644193794006,-2.373092423013103,2.842071287778282,1.8344038436389383,-3.4990952329128904,-4.019792699680561,,,,,,,,,,,13.856107191045522,13.560038957171228,,
336,5.657278761490082,172.63137332991514,177.0211901834225,177.2546925496073,,,,2.9788098165774954,1.8204819425483834,175.25113581679562,-2.3565263405819947,2.9788098165774954,1.8204819425483834,-3.555134422161429,-4.024114322240013,,,,,,,,,,,13.86848025444055,13.5444811159572,,
337,5.674115900661183,172.7105079647228,176.91796128978896,176.8537770901639,,,,3.0820387102110374,1.7944963302073234,175.30017691463462,-2.3459723697698305,3.0820387102110374,1.7944963302073234,-3.5737367497158474,-4.031596534432498,,,,,,,,,,,13.830820861435534,13.496053142559639,,
338,5.690953039832285,172.73968848633865,176.97204454635963,177.13699850907514,,,,3.0279554536403737,1.7764108083460144,175.3414077077454,-2.3327743016959928,3.0279554536403737,1.7764108083460144,-3.5114279826646406,-4.039078746624982,,,,,,,,,,,13.735082408832087,13.402267482836601,,
339,5.7077901790033865,172.74744820155573,176.99919040967407,177.37736077771345,,,,3.000809590325929,1.776190460674428,175.4172111619555,-2.316807097701186,3.000809590325929,1.776190460674428,-3.476700197798834,-4.041168605892539,,,,,,,,,,,13.66971786762037,13.344499644564282,,
340,5.724627318174488,172.73463694001325,176.97508468782596,177.5708559282967,,,,3.024915312174045,1.7834475640736116,175.47514381840332,-2.286739012150977,3.024915312174045,1.7834475640736116,-3.468469764387101,-4.035402142357985,,,,,,,,,,,13.634754651077818,13.320221156036254,,
341,5.7414644573455895,172.7046158672539,176.9732084954068,177.67804817216978,,,,3.0267915045932057,1.7304270250210436,175.6602104578642,-2.259837673314091,3.0267915045932057,1.7304270250210436,-3.456653029269315,-4.0466254606467125,,,,,,,,,,,13.610577752930853,13.311087697015083,,
342,5.758301596516691,172.70553031171005,176.96771599229456,177.83399828452764,,,,3.0322840077054423,1.6711694877275818,175.7072824908687,-2.2424237572363923,3.0322840077054423,1.6711694877275818,-3.4450943014685116,-4.065937308322832,,,,,,,,,,,13.58085208492304,13.28311970385421,,
343,5.775138735687793,172.72362749211575,177.00441380964187,178.05932109232745,,,,2.995586190358125,1.5708467924899026,175.80694841707384,-2.2396660687569705,2.995586190358125,1.5708467924899026,-3.409257085139681,-4.0912736268504855,,,,,,,,,,,13.546719329432023,13.24496042167254,,
344,5.791975874858894,172.76356178098095,177.0669518786258,178.3878377442196,,,,2.9330481213742132,1.4768426516279476,175.88926930801662,-2.2415709758519644,2.9330481213742132,1.4768426516279476,-3.3443940456503505,-4.120002741596456,,,,,,,,,,,13.486221451236885,13.17937496169566,,
345,5.808813014029996,172.87065479551651,177.01338008027477,178.48199121420555,,,,2.9866199197252286,1.385645187725487,176.0419906583308,-2.2562733341925303,2.9866199197252286,1.385645187725487,-3.3247854895597015,-4.146229185367699,,,,,,,,,,,13.472185046920186,13.15104575829101,,
346,5.825650153201097,172.9740380073843,176.97573192035964,178.50119196941145,,,,3.0242680796403647,1.2140203434924501,176.12304253972093,-2.285538780365703,3.0242680796403647,1.2140203434924501,-3.3048415239569757,-4.18859398681618,,,,,,,,,,,13.418921048874937,13.094800163188888,,
347,5.842487292372198,173.12527873105495,176.79630913412998,177.67939725042632,,,,3.2036908658700156,1.0853440340393092,176.1405598241901,-2.3138845320729695,3.2036908658700156,1.0853440340393092,-3.340988349066185,-4.230971688630509,,,,,,,,,,,13.375962024324531,13.064922915882345,,
348,5.8593244315433,173.3346434751876,176.59365941353192,176.6719213028808,,,,3.406340586468076,0.838134621768063,176.04009588436793,-2.3557243406616504,3.406340586468076,0.838134621768063,-3.3733940680791523,-4.297318270192488,,,,,,,,,,,13.327481643190707,13.01579832272893,,
349,5.876161570714401,173.4543457494441,176.46930496746702,176.45629699399151,,,,3.530695032532975,0.5326577490997977,176.0345408948927,-2.377884641183835,3.530695032532975,0.5326577490997977,-3.378451011492004,-4.413989178931849,,,,,,,,,,,13.239510823374156,12.92425732666364,,
350,5.892998709885503,173.48885844815797,176.5679492073894,176.99547427221498,,,,3.432050792610596,0.13417039468984626,176.05744689231665,-2.3689691112446805,3.432050792610596,0.13417039468984626,-3.307086187614721,-4.633359900195983,,,,,,,,,,,13.07149323346387,12.658767797488933,,
351,5.909835849056604,173.57739783218233,176.56407221111428,177.46039903348364,,,,3.4359277888857207,0.26094722438625695,176.22712776835988,-2.3643966204635536,3.4359277888857207,0.26094722438625695,-3.2433583803201125,-4.802999711111793,,,,,,,,,,,12.966809183416931,12.461469602192627,,
352,5.926672988227705,173.70642532975936,176.59664952198983,178.4478264866967,,,,3.403350478010168,0.7579557934255661,176.38703574938114,-2.401940576131081,3.403350478010168,0.7579557934255661,-3.1554294866925714,-5.072178744919345,,,,,,,,,,,12.73103242188419,12.097653484515996,,
353,5.943510127398807,173.73074039903554,176.71842496642034,179.4582362633466,,,,3.2815750335796565,1.0149071276807717,176.41910657285857,-2.429435037485515,3.2815750335796565,1.0149071276807717,-3.0932497232998557,-5.173278912078829,,,,,,,,,,,12.741835672009955,11.927291253112635,,
354,5.960347266569908,173.762626282163,176.85122696074424,179.5625452196642,,,,3.148773039255758,1.1347043729841175,176.51190046351758,-2.4351361501012923,3.148773039255758,1.1347043729841175,-2.997606410894546,-5.2035431703608435,,,,,,,,,,,12.62820441197379,11.784793811943354,,
355,5.97718440574101,173.8931756199398,176.83009675422912,179.0524997402158,,,,3.1699032457708824,1.1863020510425883,176.53704002979327,-2.444481985912988,3.1699032457708824,1.1863020510425883,-2.9431410662795994,-5.211270489504461,,,,,,,,,,,12.581276106106188,11.696942320510908,,
356,5.994021544912111,174.01139169418775,176.72966018750853,179.37192700188817,,,,3.2703398124914713,1.4975018051602262,176.9626330480136,-2.4170477399375563,3.2703398124914713,1.4975018051602262,-2.921262045799507,-5.27397916789699,,,,,,,,,,,12.589158229639994,11.594668220059155,,
357,6.010858684083212,174.13886516507938,176.60067881648953,179.3483792702151,,,,3.399321183510466,1.7594745472470663,177.3384096716821,-2.398361106389571,3.399321183510466,1.7594745472470663,-2.907690860926242,-5.325193620317961,,,,,,,,,,,12.600716957440797,11.503436832774241,,
358,6.027695823254314,174.17220168684491,176.57548765622113,179.0691680822158,,,,3.424512343778872,1.9601452609894636,177.390197930042,-2.3430204567197466,3.424512343778872,1.9601452609894636,-2.8686285531351334,-5.309222967396762,,,,,,,,,,,12.707218346526732,11.402555971834193,,
359,6.044532962425415,174.21947947271735,176.75652981919225,178.38674562663394,,,,3.2434701808077477,1.9577475398465367,177.68476981598621,-2.288193793421058,3.2434701808077477,1.9577475398465367,-2.7135661556288184,-5.282635313381744,,,,,,,,,,,12.762165036042424,11.218828961411154,,
360,6.061370101596517,174.23424802551932,176.91738968084033,177.92859013058245,,,,3.08261031915967,2.113685009200026,177.70340271693104,-2.2504410532587613,3.08261031915967,2.113685009200026,-2.5928961334762333,-5.335449411168004,,,,,,,,,,,12.793587908432261,11.061289693661807,,
361,6.078207240767618,174.28196849803933,176.85383931423877,177.420252829656,,,,3.146160685761231,2.228004386814689,177.77548606680048,-2.2254729301403198,3.146160685761231,2.228004386814689,-2.576048255677294,-5.373660294813071,,,,,,,,,,,12.74970167008645,10.966291399548954,,
362,6.095044379938719,174.29329100724493,176.80536596959067,176.96926580916553,,,,3.1946340304093326,2.391219512163815,177.78400465180457,-2.2073428015322043,3.1946340304093326,2.391219512163815,-2.587632784209796,-5.387889398344641,,,,,,,,,,,12.994793302035115,10.915592961761948,,
363,6.111881519109821,174.38807667401863,176.7011096486466,176.3052493487605,,,,3.298890351353407,2.598797216739456,177.93492206933377,-2.199931481443422,3.298890351353407,2.598797216739456,-2.575429038116537,-5.477082527825395,,,,,,,,,,,12.866653161783029,10.658230663072182,,
364,6.128718658280922,174.52976010684924,176.55775295519302,175.8512127474624,,,,3.442247044806976,2.7277826134521774,177.98257800179886,-2.185853402068679,3.442247044806976,2.7277826134521774,-2.5714557254350106,-5.552923778652319,,,,,,,,,,,12.778801670350584,10.444265195098826,,
365,6.145555797452024,174.6731399979579,176.26057859234456,177.22794199564203,,,,3.739421407655442,3.1785377715888217,177.9242818674343,-2.1630668034177516,3.739421407655442,3.1785377715888217,-2.64519421662853,-5.753692172362035,,,,,,,,,,,12.677935322322114,10.153387745933069,,
366,6.162392936623125,174.7434589997397,176.05717180577548,177.3149619345319,,,,3.942828194224518,3.4063980628613137,178.05866673341671,-2.086661846588237,3.942828194224518,3.4063980628613137,-2.695299237586477,-5.853773210619439,,,,,,,,,,,12.912007623017042,9.957276384294882,,
367,6.1792300757942265,174.83468105482046,175.93740515920703,177.6659415377266,,,,4.062594840792968,3.701739493183112,177.95886223056738,-2.044676251122719,4.062594840792968,3.701739493183112,-2.6975439012442224,-5.957724358631576,,,,,,,,,,,12.933650405547523,9.797724659473076,,
368,6.196067214965328,174.83771658066064,176.08258329311025,176.68772439213762,,,,3.917416706889753,3.953987307540899,177.99428210263682,-1.9837909372596672,3.917416706889753,3.953987307540899,-2.565598959339514,-6.072202205176588,,,,,,,,,,,13.150197559236432,9.488064277631013,,
369,6.2129043541364295,174.77606492128834,176.10559517700307,176.22897958211573,,,,3.8944048229969326,4.057385441453931,178.0207305269681,-1.879592080226117,3.8944048229969326,4.057385441453931,-2.539179010080535,-6.125325911743227,,,,,,,,,,,13.40953200135538,9.338265229391135,,
370,6.2297414933075315,174.58137507844526,176.30318309039407,175.85248746557724,,,,3.6968169096059285,4.262872611052956,178.41815664102504,-1.7427277492715663,3.6968169096059285,4.262872611052956,-2.436414695726516,-6.211448754151893,,,,,,,,,,,13.60682213392303,9.13356222409744,,
371,6.2465786324786325,174.34698289379065,176.63233070135502,175.1947404373008,,,,3.3676692986449837,4.3004270842294545,178.76000450207763,-1.5937703459680643,3.3676692986449837,4.3004270842294545,-2.2833389545609637,-6.225316647439687,,,,,,,,,,,13.77403990115067,8.938121681483407,,
372,6.263415771649734,174.03776718207146,176.878702889011,177.01803743051147,,,,3.1212971109889907,4.2331355447329315,178.6587894188545,-1.4366634850531,3.1212971109889907,4.2331355447329315,-2.223661862142976,-6.210055514640189,,,,,,,,,,,14.065536567877185,8.840620716395826,,
373,6.280252910820836,173.74341892316505,177.20403614171622,177.0147568503559,,,,2.795963858283784,4.032354790915008,178.74887990485914,-1.294389390222202,2.795963858283784,4.032354790915008,-2.0690638778072286,-6.179662252699683,,,,,,,,,,,13.968288772469391,8.627145462324735,,
374,6.297090049991937,173.34910562221424,177.5200601981957,176.70710912706292,,,,2.4799398018043064,3.8760587675970726,178.9346912754109,-1.1203011912750303,2.4799398018043064,3.8760587675970726,-1.9757942327181555,-6.184216081844419,,,,,,,,,,,13.864881052368649,8.501392696027601,,
375,6.313927189163039,172.93739096091508,177.70373088295847,177.21336314746094,,,,2.2962691170415326,3.7839795399620755,178.9983450061327,-0.9391569066586355,2.2962691170415326,3.7839795399620755,-1.9713565068660612,-6.178888230748736,,,,,,,,,,,14.030971650130223,8.471592850916155,,
376,6.33076432833414,172.70085170826744,178.01436056580167,176.14542128755468,,,,1.9856394341983332,3.6341033766831288,178.93650682168138,-0.7742671430131948,1.9856394341983332,3.6341033766831288,-1.823363509845059,-6.205230777812621,,,,,,,,,,,14.146339621918823,8.298211933904101,,
377,6.347601467505241,172.43189908394234,178.32450331758918,174.8496102220259,,,,1.6754966824108237,3.5853394436628605,178.86045122993036,-0.6101509712807441,1.6754966824108237,3.5853394436628605,-1.6695911489236548,-6.213254805370768,,,,,,,,,,,14.268878584573798,8.134274084693597,,
378,6.364438606676343,172.09400877596738,178.5656405083127,174.05874701218556,,,,1.434359491687303,3.547568513457918,178.94048901988305,-0.43167219232068255,1.434359491687303,3.547568513457918,-1.590537707000302,-6.231986136583678,,,,,,,,,,,14.757415439279635,8.04149465350679,,
379,6.381275745847444,171.66786637078866,178.6922406672885,173.73070912564376,,,,1.3077593327114982,3.5002858584616376,179.1202223796868,-0.18058527307638064,1.3077593327114982,3.5002858584616376,-1.586332187733492,-6.267707249619866,,,,,,,,,,,15.017477139523328,8.001864729618323,,
380,6.398112885018546,171.3480762331311,178.6211503361773,172.59053219825068,,,,1.378849663822706,3.8707505018500967,179.06519843952938,0.021171339564383006,1.378849663822706,3.8707505018500967,-1.6767121508723641,-6.41669357481125,,,,,,,,,,,15.018778463928356,7.988061338159773,,
381,6.414950024189647,171.09991021743616,178.64419230303494,172.53207753936744,,,,1.3558076969650585,4.20314188811534,179.17828503293637,0.2139490158967605,1.3558076969650585,4.20314188811534,-1.725810943294081,-6.525159850870576,,,,,,,,,,,15.262892086891085,8.048254445211725,,
382,6.431787163360748,171.05514565841864,178.23508373695873,173.02118401687102,,,,1.7649162630412718,4.555737645350462,179.19165248363245,0.32824420640771984,1.7649162630412718,4.555737645350462,-1.9561082744324119,-6.659878371432843,,,,,,,,,,,15.36985547032899,8.176819491263966,,
383,6.44862430253185,171.10450276240505,177.89262079580044,173.42693113049003,,,,2.1073792041995603,5.529885765169382,179.2829453847187,0.3989510468665011,2.1073792041995603,5.529885765169382,-2.1278121438840807,-6.906830074882376,,,,,,,,,,,15.572895940973881,8.360185291443232,,
384,6.465461441702951,171.02987816345146,177.79752915752053,173.98640262482374,,,,2.202470842479471,6.8956880658279545,179.4437096165068,0.4775959617086854,2.202470842479471,6.8956880658279545,-2.1843673477665835,-7.274413099386948,,,,,,,,,,,15.714135596472874,8.525516380165438,,
385,6.482298580874053,170.9981089735463,177.56747411617414,174.80864860374834,,,,2.4325258838258605,7.987286083811881,179.55103984734436,0.5159384170262032,2.4325258838258605,7.987286083811881,-2.352510716243897,-7.5218163156412,,,,,,,,,,,16.189526978378467,8.890132320524714,,
386,6.499135720045154,171.00487764541884,177.34723218512653,174.9817489618009,,,,2.652767814873471,9.490074798828061,179.4817256043447,0.5671129850051078,2.652767814873471,9.490074798828061,-2.4839654442463392,-7.959048415365122,,,,,,,,,,,16.50529245835862,9.11601772654265,,
387,6.515972859216255,170.89232223743892,177.0475276268463,175.54204986000815,,,,2.952472373153711,10.223795428429014,179.4304479466834,0.654124119951677,2.952472373153711,10.223795428429014,-2.711063484654091,-8.211082862959206,,,,,,,,,,,16.893411252749246,9.3387812440251,,
388,6.532809998387357,170.70996895835452,176.83764033086592,176.24881526311782,,,,3.1623596691340765,11.124470246896323,179.32667077992414,0.7805613202041924,3.1623596691340765,11.124470246896323,-2.8946356906869415,-8.481784139936952,,,,,,,,,,,17.064452365905417,9.500035817138988,,
389,6.549647137558458,170.6398276030789,176.6471881475711,176.5832719180872,,,,3.352811852428914,11.912921176074889,179.30602899735624,0.8861748501303939,3.352811852428914,11.912921176074889,-3.013835071132728,-8.598248642822726,,,,,,,,,,,17.353309295270055,9.64862223098905,,
390,6.56648427672956,170.47583012360636,176.66956905687542,176.5997574144291,,,,3.3304309431245827,12.229483195415781,179.2591463580043,0.9827743322198048,3.3304309431245827,12.229483195415781,-3.0495174830713694,-8.61692837257224,,,,,,,,,,,17.653154111246675,9.872185571154144,,
391,6.583321415900661,170.4686914913407,176.6666310809755,176.6031563215082,,,,3.333368919024508,12.448964300039563,179.22535641841014,0.9884176662448285,3.333368919024508,12.448964300039563,-3.071164296966178,-8.65479094633938,,,,,,,,,,,17.98445001916343,9.977555759409684,,
392,6.600158555071762,170.52350184845272,176.58481943139327,176.69523953021329,,,,3.415180568606729,12.477448131765499,179.12410615740416,0.9693664613797559,3.415180568606729,12.477448131765499,-3.118611842559208,-8.650288718658041,,,,,,,,,,,18.122519409755,9.993990825501452,,
393,6.616995694242864,170.52012143175455,176.55178592656588,176.8197381335336,,,,3.448214073434116,12.5047798532878,179.12559665839316,0.9691102457272217,3.448214073434116,12.5047798532878,-3.139613638161561,-8.61360007818317,,,,,,,,,,,18.185682826043713,10.043296023776755,,
394,6.633832833413965,170.5386558194249,176.50884361368674,176.85894587888197,,,,3.491156386313264,12.5706646094811,179.10877916204797,0.9713304434359747,3.491156386313264,12.5706646094811,-3.1627310937631683,-8.622075618546035,,,,,,,,,,,18.307768663348238,10.042263994508826,,
395,6.650669972585067,170.5363084948541,176.50004977409364,177.21259055804012,,,,3.4999502259063604,12.775488414674896,179.00742000698864,0.9669438012407512,3.4999502259063604,12.775488414674896,-3.166988214493375,-8.674231797673992,,,,,,,,,,,18.423331753170306,10.039271109631832,,
396,6.667507111756168,170.57654209954825,176.5652120504102,177.54712150500544,,,,3.434787949589804,12.913242247443122,179.00869610497585,0.9553770096060182,3.434787949589804,12.913242247443122,-3.1059694840270793,-8.704121945346381,,,,,,,,,,,18.32193165250483,9.935500566741583,,
397,6.6843442509272695,170.63170492464565,176.57445871022742,178.1923559141608,,,,3.425541289772582,13.147741880341528,178.92643072396956,0.9320155564883263,3.425541289772582,13.147741880341528,-3.0796527376948926,-8.693492043886714,,,,,,,,,,,18.348093594446826,9.906861754556555,,
398,6.701181390098371,170.74209498331604,176.64964156874808,178.6644053352098,,,,3.3503584312519195,13.203432538106568,178.8980740432304,0.8628845448889697,3.3503584312519195,13.203432538106568,-2.9903306045556475,-8.662905276458472,,,,,,,,,,,18.280950415293667,9.833329669216623,,
399,6.7180185292694725,170.81206908846136,176.75683163197561,178.46800395525005,,,,3.243168368024385,13.259578354240915,179.0939922440442,0.8138825107480885,3.243168368024385,13.259578354240915,-2.901214877269988,-8.68963483449783,,,,,,,,,,,18.16595494156896,9.70651907291986,,
400,6.7348556684405745,170.83772745628661,176.8935400058183,178.4337694233582,,,,3.106459994181705,13.423969983151352,179.18519792091132,0.7470444671294806,3.106459994181705,13.423969983151352,-2.790065325114047,-8.723343490461557,,,,,,,,,,,18.012705045464443,9.5477671707807,,
401,6.751692807611676,170.8465894825383,176.9659088722329,178.4533838511041,,,,3.0340911277671125,13.534746833143373,179.17800134546087,0.716992415360674,3.0340911277671125,13.534746833143373,-2.738334858059112,-8.756071718620753,,,,,,,,,,,17.940969336069,9.457180801788242,,
402,6.768529946782777,170.90452013913324,176.9386741702193,178.6705733174345,,,,3.0613258297807135,13.639500748993441,179.15527542120572,0.698969904490306,3.0613258297807135,13.639500748993441,-2.72675032952661,-8.755284796303956,,,,,,,,,,,17.92627420682113,9.424284868873007,,
403,6.785367085953879,171.16257611059996,176.90180649985913,178.4305241781177,,,,3.098193500140866,13.708367177083403,179.1590336754653,0.6239957292684026,3.098193500140866,13.708367177083403,-2.667563451010888,-8.756665135449811,,,,,,,,,,,17.87043981088045,9.352094421581382,,
404,6.80220422512498,171.38456663509712,176.84787139857426,178.23941353292025,,,,3.152128601425744,13.637212362382002,179.13696803392028,0.559997247856421,3.152128601425744,13.637212362382002,-2.6255082583427862,-8.742552135210884,,,,,,,,,,,17.76200417319001,9.298041888673607,,
405,6.819041364296082,171.68050770754436,176.71568176914022,178.2525792564732,,,,3.284318230859782,13.337182596333491,179.15904560212854,0.46035431362249163,3.284318230859782,13.337182596333491,-2.609227996641208,-8.646650815488591,,,,,,,,,,,17.69624455827417,9.283361272337318,,
406,6.835878503467183,171.94923564248114,176.5729158697909,178.37755260706348,,,,3.4270841302090957,12.563570204499115,179.19692407606516,0.38328651114538703,3.4270841302090957,12.563570204499115,-2.6127626968838644,-8.42187484093368,,,,,,,,,,,17.627516246667298,9.276601480632385,,
407,6.852715642638284,172.09922444160202,176.48971584496383,178.47158479788803,,,,3.5102841550361745,12.499857856741727,179.2712967076911,0.30981101870240757,3.5102841550361745,12.499857856741727,-2.6154201722487813,-8.389752929969394,,,,,,,,,,,17.583206715067064,9.26651339453838,,
408,6.869552781809386,172.2362053496759,176.44923182132538,178.6436150910009,,,,3.550768178674616,12.677685664263066,179.13498441927894,0.22700324342890948,3.550768178674616,12.677685664263066,-2.607370343958936,-8.414212023619308,,,,,,,,,,,17.452830780158752,9.155647650431119,,
409,6.886389920980487,172.35445125282152,176.42023518637313,178.7966650625226,,,,3.5797648136268663,12.205115009819195,179.051543927323,0.17803812297996063,3.5797648136268663,12.205115009819195,-2.5973596600600257,-8.22843385502626,,,,,,,,,,,17.450110415510323,9.155802454821309,,
410,6.903227060151589,172.37753652162482,176.42592806359008,178.8328217035875,,,,3.574071936409922,11.892820035108514,179.1630495233163,0.16190232594003814,3.574071936409922,11.892820035108514,-2.5924317203056653,-8.068404816668037,,,,,,,,,,,17.602418584907852,9.226831869186514,,
411,6.92006419932269,172.3883059645029,176.45436371415988,178.83735721725256,,,,3.545636285840118,11.375616557684907,179.16325665631408,0.14174945330733232,3.545636285840118,11.375616557684907,-2.5762288607991817,-7.913987437454177,,,,,,,,,,,17.614419150238987,9.224380799675183,,
412,6.936901338493791,172.50718306313615,176.39956510078844,178.9383529948194,,,,3.600434899211564,11.079226192328633,179.15886959329714,0.06768384398315272,3.600434899211564,11.079226192328633,-2.57581604909201,-7.814770723708664,,,,,,,,,,,17.5991999436285,9.186608528468986,,
413,6.953738477664893,172.62604966556174,176.33515382950637,178.96902431190554,,,,3.6648461704936324,10.796616473587761,179.1558919288114,0.0011978997821404224,3.6648461704936324,10.796616473587761,-2.5787573325056075,-7.725693697520551,,,,,,,,,,,17.592024115124932,9.173527557497987,,
414,6.970575616835994,172.70515376195007,176.32096949526112,178.94445304442996,,,,3.6790305047388756,10.413763758102903,179.16168192155973,-0.062045474756021,3.6790305047388756,10.413763758102903,-2.5660117710466857,-7.620259007435767,,,,,,,,,,,17.51339477272887,9.112147616787917,,
415,6.987412756007096,172.73404287010098,176.32752161669023,179.11973274132197,,,,3.672478383309766,10.361924759213878,179.25623700846975,-0.08370711276740728,3.672478383309766,10.361924759213878,-2.5600518020243963,-7.631275919870908,,,,,,,,,,,17.443258708698714,9.033068374132865,,
416,7.004249895178197,172.75429550226454,176.34365867552205,179.11684764583495,,,,3.6563413244779497,10.183426595900102,179.24745714735286,-0.10118243982842304,3.6563413244779497,10.183426595900102,-2.5529308000756874,-7.604920472441174,,,,,,,,,,,17.405894411562496,9.014130637066371,,
417,7.021087034349298,172.73128917695965,176.40446281992706,178.96164842250312,,,,3.595537180072938,10.010189920512914,179.16273270461727,-0.0991932780754365,3.595537180072938,10.010189920512914,-2.5336834542288136,-7.599708724638133,,,,,,,,,,,17.34082980385677,8.983892179516054,,
418,7.0379241735204,172.6683184314239,176.5219352763333,178.59263492657968,,,,3.478064723666705,9.786752079094867,179.30273176069457,-0.08383651681131986,3.478064723666705,9.786752079094867,-2.471400487909305,-7.614608647193856,,,,,,,,,,,17.26888446351628,8.912578957102168,,
419,7.054761312691501,172.5920418207995,176.67851644397834,178.43827396991068,,,,3.3214835560216613,9.739747995765043,179.28507023532075,-0.05982135278644207,3.3214835560216613,9.739747995765043,-2.3952883293995497,-7.635623343162058,,,,,,,,,,,17.13174228672011,8.814690981039114,,
420,7.071598451862603,172.56715883773285,176.8077568413696,178.3275428798466,,,,3.19224315863039,9.601873334527767,179.18791404664924,-0.03093268939157104,3.19224315863039,9.601873334527767,-2.322349660888676,-7.624322622678236,,,,,,,,,,,16.89220023090516,8.736617966920292,,
421,7.088435591033704,172.56077298004567,177.03106409531347,177.71929641291675,,,,2.968935904686532,9.413712171966267,179.25027900264718,-0.01930496823993253,2.968935904686532,9.413712171966267,-2.1762401172816435,-7.555718477092664,,,,,,,,,,,16.57003133182665,8.609446160379756,,
422,7.105272730204805,172.59071757401875,177.18505751418652,177.07704720170852,,,,2.814942485813475,9.13798361164126,179.29862503349074,0.0014444176228501774,2.814942485813475,9.13798361164126,-2.015088747094548,-7.510657499181719,,,,,,,,,,,15.96920646767869,8.38952072338411,,
423,7.122109869375907,172.58894345224093,177.41116390801022,176.92451059459938,,,,2.5888360919897764,8.879338400206933,179.2063109283463,0.011100897289245513,2.5888360919897764,8.879338400206933,-1.8479000056900683,-7.491990669798056,,,,,,,,,,,15.372691938270064,8.197253670768959,,
424,7.138947008547008,172.59673154724152,177.4826938471927,177.13310389569742,,,,2.5173061528072935,8.709442562391757,179.25512794001656,0.02569930628339608,2.5173061528072935,8.709442562391757,-1.7568750242587403,-7.478342082729696,,,,,,,,,,,14.758324915071997,8.070365672277102,,
425,7.15578414771811,172.5448847733603,177.6591590566869,177.0025192763736,,,,2.340840943313111,8.351624319803364,179.3844296197698,0.062169653343750665,2.340840943313111,8.351624319803364,-1.6289033950355585,-7.424083143968335,,,,,,,,,,,14.168787871042007,7.932873573057275,,
426,7.172621286889211,172.46787116124437,177.78786425922394,176.72093162685294,,,,2.2121357407760627,8.115975062287305,179.29238630975468,0.0884607724322876,2.2121357407760627,8.115975062287305,-1.5628277211564114,-7.403081348365982,,,,,,,,,,,14.060357070988767,7.867726725519264,,
427,7.189458426060313,172.4215600457035,177.92962970496444,176.63908124894343,,,,2.070370295035559,7.960476731634344,179.2771271672332,0.13135451202131765,2.070370295035559,7.960476731634344,-1.4684486446043148,-7.420883853237755,,,,,,,,,,,13.594890908058334,7.744941043367425,,
428,7.2062955652314145,172.3329451585832,177.8978280080353,176.69458793762598,,,,2.1021719919646955,7.77644979932532,179.482999162229,0.1896334808702158,2.1021719919646955,7.77644979932532,-1.4522973865612276,-7.437073812378389,,,,,,,,,,,12.507386841886808,7.672776396807498,,
429,7.2231327044025155,172.1848781208608,177.83634888584456,176.89940631847503,,,,2.163651114155442,7.564651448076518,179.59256631598458,0.2662207658666295,2.163651114155442,7.564651448076518,-1.5179086472698067,-7.420187233481903,,,,,,,,,,,12.282213374809169,7.73993570141797,,
430,7.2399698435736175,172.06127782999155,177.56072454908386,178.46889838097297,,,,2.439275450916142,7.379988066219681,179.42471524786149,0.3110440777711986,2.439275450916142,7.379988066219681,-1.6840395586746593,-7.4645515916369956,,,,,,,,,,,11.87354429762091,7.834624386750446,,
431,7.256806982744719,172.03550477622727,176.9973643644465,179.6841009480281,,,,3.002635635553503,7.132811475574499,178.80706440803093,0.337139474940836,3.002635635553503,7.132811475574499,-2.0386190144033263,-7.439937693596892,,,,,,,,,,,11.75583974706789,8.17416201589905,,
432,7.2736441219158205,172.08031530312732,176.7207525162047,178.93504042039424,,,,3.2792474837953023,6.71101196160464,178.8675660616691,0.36672384210156794,3.2792474837953023,6.71101196160464,-2.1532516653385274,-7.38932955837083,,,,,,,,,,,10.845036023295966,8.301359623171285,,
433,7.290481261086922,172.04391386388963,176.4401450335142,177.78538833882192,,,,3.5598549664858012,6.569040061848938,178.80435522173534,0.3932629356021958,3.5598549664858012,6.569040061848938,-2.3745703418458772,-7.343481658143088,,,,,,,,,,,11.149337109400587,8.554877612838016,,
434,7.307318400258023,172.04058369740522,176.20888597224769,176.69014867601322,,,,3.7911140277523145,6.447405748103648,178.86515980937367,0.41326118521957944,3.7911140277523145,6.447405748103648,-2.549396099833031,-7.31573297120165,,,,,,,,,,,11.22048182078557,8.755375098864901,,
435,7.324155539429125,172.01922953383811,176.09896349622167,176.6242014452955,,,,3.901036503778329,5.88166626237944,178.60217379716465,0.404440912909661,3.901036503778329,5.88166626237944,-2.659900633696516,-7.092621143841274,,,,,,,,,,,11.622112135857408,9.130182328244974,,
436,7.340992678600226,172.0674123938279,175.66080803770305,176.64911568459007,,,,4.339191962296951,5.915528700797779,178.06387246891552,0.40641503581016025,4.339191962296951,5.915528700797779,-2.9185529689711935,-7.082971670186139,,,,,,,,,,,11.591476185784366,9.413500163023151,,
437,7.357829817771328,172.03686048393342,175.5130577803312,177.72238790406493,,,,4.486942219668805,5.758472672485766,178.49616174372176,0.3996810921871025,4.486942219668805,5.758472672485766,-3.0210850767399284,-7.0181860328919035,,,,,,,,,,,11.640676568587145,9.640701406357696,,
438,7.374666956942429,171.93581076496105,175.5645141153079,178.34258812641292,,,,4.435485884692099,5.742657927511289,178.50253835774413,0.40694091262062615,4.435485884692099,5.742657927511289,-3.0647399147733205,-6.997351942045589,,,,,,,,,,,11.6990055727739,9.798756688741005,,
439,7.39150409611353,171.93077303266244,175.62583221751672,179.30198453679975,,,,4.374167782483283,5.361108139407918,178.38635985094444,0.38403244412747445,4.374167782483283,5.361108139407918,-3.0855353045220872,-6.833697900883766,,,,,,,,,,,11.831287536736417,10.062130557916456,,
440,7.408341235284632,172.0450489036782,175.7489051567351,178.37767322973053,,,,4.2510948432648945,4.881784439908586,178.40678617589086,0.304935347753743,4.2510948432648945,4.881784439908586,-2.9935814967496235,-6.623073627665329,,,,,,,,,,,11.659993253900456,10.253700990775757,,
441,7.425178374455733,172.04872655084333,175.75600593627388,179.0414124288649,,,,4.24399406372612,4.301155710599403,178.40235475408244,0.2550527211973085,4.24399406372612,4.301155710599403,-3.049723888924955,-6.388661079821132,,,,,,,,,,,11.743889976927285,10.646955743320058,,
442,7.442015513626835,172.38552197831407,175.7195671424756,178.16229188674782,,,,4.280432857524403,3.6023921248515194,178.337314414575,0.07938526116347434,4.280432857524403,3.6023921248515194,-3.032179391370164,-6.090378820657985,,,,,,,,,,,11.879409126445063,10.987551202468289,,
443,7.458852652797936,172.54093770988854,175.8280526434967,177.0398464869704,,,,4.171947356503296,3.473671097236661,178.016931180308,-0.042909921129900525,4.171947356503296,3.473671097236661,-2.9525325326177523,-6.063971771764854,,,,,,,,,,,11.739461120076712,11.015235387580482,,
444,7.475689791969037,173.00821047638985,175.79234080338054,176.46974863463862,,,,4.20765919661946,3.0880036345825204,177.7291320786832,-0.2640588998260289,4.20765919661946,3.0880036345825204,-2.8370226568048116,-5.88088977963427,,,,,,,,,,,11.601537664873806,11.052904455859887,,
445,7.492526931140139,173.19735245971066,175.8201268002759,176.0962537779814,,,,4.179873199724113,2.284133672423536,177.75461459362836,-0.4225527632370021,4.179873199724113,2.284133672423536,-2.7651934197569608,-5.598720077416663,,,,,,,,,,,11.466526467261339,11.052388441225922,,
446,7.50936407031124,173.43875595014498,175.83185675377055,176.33216310161563,,,,4.168143246229448,1.1940296925611449,177.63997226711263,-0.5485561752149791,4.168143246229448,1.1940296925611449,-2.7048455083148193,-5.247262510223481,,,,,,,,,,,11.297422021528265,11.06126389293011,,
447,7.526201209482342,173.34082508821976,176.16737916040614,175.90050336014843,,,,3.832620839593858,0.36207689176654867,177.6793600205878,-0.6209243618408157,3.832620839593858,0.36207689176654867,-2.5714299247033123,-4.937202217040096,,,,,,,,,,,11.393516846738294,11.11423279510656,,
448,7.543038348653443,173.2199071274754,176.58963840259963,175.0412489367717,,,,3.4103615974003674,0.6943615978092623,177.71262156030414,-0.7006802705867772,3.4103615974003674,0.6943615978092623,-2.414019660612459,-4.597754890452436,,,,,,,,,,,11.351193971478823,11.074241660974316,,
449,7.559875487824544,173.26489256232261,176.646604263936,175.04128844586742,,,,3.3533957360639874,0.963474315306172,177.59527843715122,-0.7619407000883747,3.3533957360639874,0.963474315306172,-2.3725320840417177,-4.556705926320564,,,,,,,,,,,11.166430900423526,10.958989792478357,,
450,7.576712626995646,173.27515034436817,176.7809466060546,174.03937840292974,,,,3.219053393945387,1.305213047175954,177.62751975726368,-0.8187998209817396,3.219053393945387,1.305213047175954,-2.2715996216382726,-4.464352207206779,,,,,,,,,,,10.985025955853326,10.831585779352537,,
451,7.593549766166747,173.29407483019847,176.80162998108537,172.95371389727035,,,,3.1983700189146305,1.3866334196878256,177.609256953036,-0.8886469290915627,3.1983700189146305,1.3866334196878256,-2.2574092192042503,-4.569567591072128,,,,,,,,,,,10.680851454588598,10.56101350603328,,
452,7.610386905337849,173.2309372545593,176.9737259496578,172.5439636060468,,,,3.0262740503422094,1.9354278619843228,177.50040484415376,-0.9485430099724749,3.0262740503422094,1.9354278619843228,-2.2019118453213746,-4.40787440551937,,,,,,,,,,,10.66584671656035,10.540682529455081,,
453,7.62722404450895,173.22112217092047,177.05941975343526,170.18844661215863,,,,2.9405802465647355,1.8943422678999013,177.46150763925363,-0.9881352836694118,2.9405802465647355,1.8943422678999013,-2.163210747774041,-4.426102622464164,,,,,,,,,,,10.621359804929691,10.503477874346245,,
454,7.644061183680051,173.23444400566277,177.07939215446373,170.27061338166968,,,,2.920607845536267,1.8934122417981882,177.4223906943308,-1.023829449312366,2.920607845536267,1.8934122417981882,-2.158076402166095,-4.415021208199778,,,,,,,,,,,10.63444803235648,10.518906711901781,,
455,7.660898322851153,173.21912614255024,177.1496068782824,169.94485956041137,,,,2.8503931217175875,1.8771143518925442,177.29762055928595,-1.0537364647542231,2.8503931217175875,1.8771143518925442,-2.1287151694935185,-4.396380179547812,,,,,,,,,,,10.66922258104849,10.550073995793234,,
456,7.677735462022254,173.15770870105015,177.27609515627103,169.34107503654263,,,,2.723904843728974,1.8682313509776236,177.16576788181837,-1.0846559159609275,2.723904843728974,1.8682313509776236,-2.0853183387771086,-4.3725790045562025,,,,,,,,,,,10.72142713654838,10.593470826509645,,
457,7.694572601193356,173.1184632492899,177.37907792845104,168.24466216762374,,,,2.6209220715489607,1.8405811939614978,177.03166003907387,-1.122213581109181,2.6209220715489607,1.8405811939614978,-2.0536092395199934,-4.378603475407737,,,,,,,,,,,10.734511332610841,10.602681687725909,,
458,7.7114097403644575,173.12473666849826,177.38955449629123,167.73159470854904,,,,2.6104455037087746,1.722265041223551,176.90833404171386,-1.1404395852786362,2.6104455037087746,1.722265041223551,-2.0486554990339347,-4.418388203686396,,,,,,,,,,,10.71668302700737,10.596102501142862,,
459,7.7282468795355586,173.1456225659189,177.38348794295223,167.23872760536756,,,,2.616512057047771,1.514911678215526,176.7758705057143,-1.162687513374931,2.616512057047771,1.514911678215526,-2.0506937568380943,-4.494010148293885,,,,,,,,,,,10.692140080979435,10.594348051387383,,
460,7.7450840187066605,173.1792989116722,177.3733336150817,166.73528575630567,,,,2.626666384918309,1.3572502668667994,176.71732508916162,-1.1828263394240115,2.626666384918309,1.3572502668667994,-2.0564989214701943,-4.548436791811285,,,,,,,,,,,10.689939762329297,10.607093612846306,,
461,7.761921157877762,173.21820064670501,177.31532646460127,165.8749527776195,,,,2.68467353539873,1.3144756958202493,176.67737509310757,-1.2001214160479643,2.68467353539873,1.3144756958202493,-2.0915879165797766,-4.562033777416247,,,,,,,,,,,10.724195877568745,10.650954856733282,,
462,7.778758297048864,173.25220842026835,177.23451691444512,165.5525638311641,,,,2.7654830855548767,1.209175044815737,176.65651486240964,-1.2186053154492382,2.7654830855548767,1.209175044815737,-2.1429313726592385,-4.586944383870881,,,,,,,,,,,10.791230209885054,10.72066843378188,,
463,7.795595436219965,173.26646518926324,177.2017966863039,163.31865803878594,,,,2.798203313696092,1.1460297667580335,176.64695767008567,-1.2297339726264418,2.798203313696092,1.1460297667580335,-2.170512354844638,-4.602102313743586,,,,,,,,,,,10.833719177354833,10.765148895229615,,
464,7.812432575391066,173.2727593564098,177.18457078084631,162.049436997897,,,,2.8154292191536854,1.138835727660421,176.64759758288136,-1.2365292355401158,2.8154292191536854,1.138835727660421,-2.1858637902050804,-4.5979354955743235,,,,,,,,,,,10.858102481355385,10.790485213757268,,
465,7.829269714562168,173.2763461557271,177.18777085513753,160.81368775977325,,,,2.8122291448624708,1.1192508288526142,176.6408774809409,-1.2440353868344662,2.8122291448624708,1.1192508288526142,-2.1908949328862337,-4.596000440696957,,,,,,,,,,,10.870732745794529,10.803230775216191,,
466,7.846106853733269,173.26722251041815,177.19732313946298,159.93599334938494,,,,2.8026768605370194,1.0936061647938686,176.63185961963603,-1.245311270903968,2.8026768605370194,1.0936061647938686,-2.193965219958322,-4.599548041305463,,,,,,,,,,,10.874919720785432,10.809809961799237,,
467,7.862943992904371,173.2390548030224,177.22568325838574,159.64324653158386,,,,2.774316741614257,1.0708233017999476,176.59717724783113,-1.2450521841601554,2.774316741614257,1.0708233017999476,-2.194507035323985,-4.59770328898904,,,,,,,,,,,10.8935583306188,10.82805107910988,,
468,7.879781132075472,173.2199360545626,177.21420621645768,159.50691853501715,,,,2.785793783542317,1.0704577600735377,176.5370134653027,-1.2471231975847616,2.785793783542317,1.0704577600735377,-2.2207979809244733,-4.588492427772774,,,,,,,,,,,10.945103354914655,10.876814462019519,,
469,7.896618271246573,173.2010438968905,177.25034657636877,159.39801009861304,,,,2.74965342363123,1.0553615552343842,176.49033691919567,-1.2556739203685878,2.74965342363123,1.0553615552343842,-2.2194305421444676,-4.587344295212204,,,,,,,,,,,10.961763371135916,10.889740628600329,,
470,7.913455410417675,173.1941240868853,177.3058647009105,158.81204599161552,,,,2.6941352990895098,1.044739357817349,176.45710882956828,-1.270247067806135,2.6941352990895098,1.044739357817349,-2.2050079331251613,-4.58913744606523,,,,,,,,,,,10.963704069923342,10.891288672502222,,
471,7.930292549588776,173.17941393508062,177.28113012005537,159.9448348323494,,,,2.7188698799446342,1.0531342056526967,176.37484369153586,-1.2837372127233593,2.7188698799446342,1.0531342056526967,-2.2398647216494596,-4.585680148017668,,,,,,,,,,,11.00740325296434,10.945108998824715,,
472,7.947129688759878,173.1471393279789,177.27631074967712,160.91698779503494,,,,2.7236892503228773,1.0799216375216076,176.2517014355206,-1.3062400178169713,2.7236892503228773,1.0799216375216076,-2.2770435760265975,-4.5751147483872465,,,,,,,,,,,11.074902804724083,11.020885747822392,,
473,7.963966827930979,173.16269827470597,177.19020813378907,162.5399833283029,,,,2.8097918662109294,1.074471880110707,176.1862997946857,-1.340927649513378,2.8097918662109294,1.074471880110707,-2.341390600881964,-4.569761096559865,,,,,,,,,,,11.150303830566406,11.118206107788087,,
474,7.98080396710208,173.1869233898911,177.19578700467727,161.9446634678565,,,,2.804212995322729,1.0689943433473559,176.1259145153301,-1.3761786509414562,2.804212995322729,1.0689943433473559,-2.344306083563863,-4.560769541563035,,,,,,,,,,,11.169909161565592,11.14369723070593,,
475,7.997641106273182,173.17452714155192,177.26698395618448,160.41709660762373,,,,2.7330160438155247,1.0599868363622136,176.05704408820364,-1.4153049052303386,2.7330160438155247,1.0599868363622136,-2.3256521545460482,-4.556925232539999,,,,,,,,,,,11.186452268221347,11.164466819722998,,
476,8.014478245444284,173.11504378198867,177.3393486555719,160.96836368150045,,,,2.6606513444280893,1.046797648036943,175.98601897867493,-1.4460408718478006,2.6606513444280893,1.046797648036943,-2.3253425457656696,-4.554577365955462,,,,,,,,,,,11.239729166632443,11.221950849946637,,
477,8.031315384615384,173.1007857263738,177.3670070326025,161.08410301961422,,,,2.632992967397513,1.0321138708358433,175.9111497596893,-1.4718198901280177,2.632992967397513,1.0321138708358433,-2.3271743977162433,-4.556383417174337,,,,,,,,,,,11.264740557195273,11.247983788230144,,
478,8.048152523786486,173.07351818848764,177.420252829656,159.21597700671293,,,,2.5797471703440067,1.0277439926009322,175.85196570273015,-1.4951634187076008,2.5797471703440067,1.0277439926009322,-2.3173185182075224,-4.5576347526617,,,,,,,,,,,11.283805685374528,11.26648291285777,,
479,8.064989662957588,173.0839188669965,177.44334605008055,158.0976722443025,,,,2.5566539499194505,1.040046278162464,175.79897069894128,-1.5136424850521175,2.5566539499194505,1.040046278162464,-2.3168541050369544,-4.5546805688822545,,,,,,,,,,,11.305745982592404,11.284208015534448,,
480,8.081826802128688,173.11102806631584,177.4830826528577,151.98526952095474,,,,2.5169173471423107,1.0605405146938551,175.80351117215636,-1.5606172871109063,2.5169173471423107,1.0605405146938551,-2.3246201252781193,-4.548978607176947,,,,,,,,,,,11.35795698827522,11.324534559178769,,
481,8.09866394129979,173.1433051407347,177.51273090826456,148.33690973530855,,,,2.487269091735442,1.0722842227193325,175.79689936032608,-1.5912039247325147,2.487269091735442,1.0722842227193325,-2.322968878449433,-4.5493914188841185,,,,,,,,,,,11.373838951181206,11.334132431370508,,
482,8.115501080470892,173.18393012986522,177.53899574754476,146.7880668011877,,,,2.46100425245524,1.0636725819330195,175.77501196632227,-1.6151932418803119,2.46100425245524,1.0636725819330195,-2.3204920082064038,-4.556383417174337,,,,,,,,,,,11.373983274024143,11.334132431370508,,
483,8.132338219641992,173.25217935547832,177.52994563268498,146.23975256949538,,,,2.470054367315015,0.8390679734968103,175.77906514187254,-1.6437816641608878,2.470054367315015,0.8390679734968103,-2.3252135421071785,-4.642093447875831,,,,,,,,,,,11.368399834430075,11.335861080394288,,
484,8.149175358813094,173.31284733433026,177.51785125464036,146.16786396439545,,,,2.4821487453596376,0.6778198191621243,175.76742272524166,-1.6705450994226618,2.4821487453596376,0.6778198191621243,-2.327458205764924,-4.710413785412723,,,,,,,,,,,11.338430672016859,11.315530103816089,,
485,8.166012497984196,173.37827232109098,177.45216556340088,145.96002211192967,,,,2.5478344365991177,0.6249497602546796,175.72088550087238,-1.7035361739613668,2.5478344365991177,0.6249497602546796,-2.3634502264839434,-4.7253524090659935,,,,,,,,,,,11.36874653176227,11.34716180087811,,
486,8.182849637155298,173.39271081403595,177.36358956177958,147.13096006551598,,,,2.636410438220423,0.5767518267470564,175.73121751796225,-1.7177701704513049,2.636410438220423,0.5767518267470564,-2.420186035488334,-4.733518340648481,,,,,,,,,,,11.425783886818383,11.406142273540246,,
487,8.199686776326399,173.4101261904475,177.3293620314053,147.6511260849207,,,,2.67063796859469,0.5460806799764839,175.73735283630987,-1.7375727338123246,2.67063796859469,0.5460806799764839,-2.4417038457246516,-4.7405103389387,,,,,,,,,,,11.443512214586525,11.422293531583334,,
488,8.2165239154975,173.4251413382492,177.3054288056345,148.62645786825422,,,,2.694571194365494,0.5616256598688381,175.74699458444286,-1.7544090626037057,2.694571194365494,0.5616256598688381,-2.4539075918179103,-4.732873322356026,,,,,,,,,,,11.451814406283292,11.430240156946386,,
489,8.233361054668602,173.43759044283397,177.24139130870165,149.95065275232176,,,,2.758608691298349,0.5507191842390569,175.75461692302588,-1.7680881935178412,2.758608691298349,0.5507191842390569,-2.492505486438451,-4.729235419186576,,,,,,,,,,,11.490187350774338,11.468683247176736,,
490,8.250198193839703,173.42624498612182,177.28055422416685,153.3807574648767,,,,2.719445775833151,0.5267473134942406,175.78005153201394,-1.7848765268724303,2.719445775833151,0.5267473134942406,-2.4741095647376183,-4.733131329673008,,,,,,,,,,,11.487050949327275,11.466103174006914,,
491,8.267035333010805,173.43753067878362,177.26791520382477,155.19356194452573,,,,2.7320847961752293,0.4977151984759871,175.77873309193222,-1.8038152170829744,2.7320847961752293,0.4977151984759871,-2.4710134769338317,-4.738871992475862,,,,,,,,,,,11.47796183531371,11.461923455471803,,
492,8.283872472181907,173.44524472034894,177.25426477203555,157.52966900014704,,,,2.7457352279644454,0.4953507275928928,175.80894517727674,-1.8157603279652446,2.7457352279644454,0.4953507275928928,-2.4758898152247957,-4.747115326253444,,,,,,,,,,,11.466415201605889,11.452919000109123,,
493,8.300709611353009,173.43717210586067,177.26068844452607,159.33791048512342,,,,2.7393115554739325,0.5928130940359608,175.89084842449793,-1.827699385797715,2.7393115554739325,0.5928130940359608,-2.472767926689311,-4.724410682359009,,,,,,,,,,,11.438897108704005,11.426782858898823,,
494,8.317546750524109,173.42567822498464,177.31642035169241,160.77086853219487,,,,2.6835796483075853,0.737278893841733,175.95020124237564,-1.8468005399461411,2.6835796483075853,0.737278893841733,-2.4358986810925516,-4.6800592245697645,,,,,,,,,,,11.414844376578337,11.401498141834566,,
495,8.33438388969521,173.4205795620744,177.36537203735674,161.45315497468275,,,,2.6346279626432647,0.794508129896542,176.00433147985999,-1.86218971504972,2.6346279626432647,0.794508129896542,-2.403802570859963,-4.6598056501866605,,,,,,,,,,,11.391585823225254,11.37515559477068,,
496,8.351221028866313,173.47574084399272,177.34915134724764,167.13397151273134,,,,2.6508486527523587,0.7002545199147221,176.02810986420906,-1.8952218398906477,2.6508486527523587,0.7002545199147221,-2.39484971696068,-4.693320800662651,,,,,,,,,,,11.363131647526444,11.347058597951317,,
497,8.368058168037413,173.51248228014754,177.3443560405739,171.88373466145714,,,,2.6556439594261008,0.6838552931190236,176.07599610960537,-1.931815910719346,2.6556439594261008,0.6838552931190236,-2.3877287150119706,-4.701744739562121,,,,,,,,,,,11.344442242502545,11.328714277713882,,
498,8.384895307208515,173.57526109872757,177.26168903578255,172.71729377922523,,,,2.7383109642174475,0.6904050412510117,176.17746032992633,-1.9555814285627109,2.7383109642174475,0.6904050412510117,-2.4130134320762284,-4.710078375900646,,,,,,,,,,,11.319979923761167,11.305029206014913,,
499,8.401732446379617,173.64029062104407,177.1337867787509,174.15168769736897,,,,2.8662132212490974,0.629939508365112,176.2090668515035,-1.9670397164786138,2.8662132212490974,0.629939508365112,-2.4605383798643534,-4.7539654205193225,,,,,,,,,,,11.270396561347244,11.255414398959232,,
500,8.418569585550717,173.66494091910755,177.09835485889602,173.79214831674253,,,,2.901645141103984,0.5577800303138929,176.2197615063127,-1.9626127866702694,2.901645141103984,0.5577800303138929,-2.466782156935323,-4.804251046599157,,,,,,,,,,,11.20581087972367,11.186242637276298,,
501,8.435406724721819,173.63535964834256,177.16973101013846,172.50215645254755,,,,2.830268989861537,0.4068635446840574,176.1526231775725,-1.9287940117309414,2.830268989861537,0.4068635446840574,-2.431409353777061,-4.895585636810864,,,,,,,,,,,11.071996191043706,11.024446248796748,,
502,8.452243863892921,173.6616920040693,177.16323712496535,172.52695550510708,,,,2.836762875034651,0.1557663562279572,176.11791489385385,-1.9070522458477273,2.836762875034651,0.1557663562279572,-2.407259868907525,-5.0073286057958635,,,,,,,,,,,10.923066304952911,10.866055556901362,,
503,8.469081003064023,173.6029101614475,177.28516480930608,172.36919930991417,,,,2.7148351906939183,0.1938266572205407,176.21790761230156,-1.876722264700098,2.7148351906939183,0.1938266572205407,-2.3593737108756243,-5.127276207460898,,,,,,,,,,,10.827077101488271,10.750236072308041,,
504,8.485918142235123,173.38224200279686,177.42184668299817,173.62006701965782,,,,2.578153317001835,0.6440697490864693,176.3309537753494,-1.810158723980059,2.578153317001835,0.6440697490864693,-2.3512722811223825,-5.279681129602297,,,,,,,,,,,10.782975588287355,10.69233923037723,,
505,8.502755281406225,173.31636752035172,177.67240739509535,173.9779656837383,,,,2.327592604904652,0.9865541775234021,176.59704348445374,-1.7907351395815996,2.327592604904652,0.9865541775234021,-2.216695664584456,-5.42723551418443,,,,,,,,,,,10.597539279389308,10.490654910692228,,
506,8.519592420577327,173.1355574402198,177.7357466754461,173.91105041099294,,,,2.2642533245538914,1.1971394762470027,176.69846456054256,-1.7227896573488997,2.2642533245538914,1.1971394762470027,-2.2203593684856036,-5.499567865500396,,,,,,,,,,,10.579955274464103,10.455617517046043,,
507,8.536429559748427,173.11840624431179,177.71869577588288,174.06412734928657,,,,2.2813042241171217,1.4234031842366903,176.80268868827758,-1.7073961603322247,2.2813042241171217,1.4234031842366903,-2.2168762697063435,-5.5438935225579415,,,,,,,,,,,10.550171554809967,10.428991161933478,,
508,8.55326669891953,173.19403763357275,177.68750823859946,173.45551422766485,,,,2.312491761400537,1.6069341187279633,176.86480457561424,-1.729168288772428,2.312491761400537,1.6069341187279633,-2.215999044828604,-5.599997213635725,,,,,,,,,,,10.53555624657579,10.369159265125301,,
509,8.570103838090631,173.22141149892988,177.6679549479019,173.15120475329417,,,,2.3320450520980955,1.9556471232937156,177.1194758641014,-1.7208593650811248,2.3320450520980955,1.9556471232937156,-2.2086458362946106,-5.712165894693746,,,,,,,,,,,10.487662025815235,10.296685009784994,,
510,8.586940977261731,173.36847675391624,177.44702353616967,173.1352717136978,,,,2.5529764638303334,2.5791401041812207,177.37011722955071,-1.7362820508618095,2.5529764638303334,2.5791401041812207,-2.282797139195301,-5.917397814987255,,,,,,,,,,,10.547686621838283,10.287009735398161,,
511,8.603778116432833,173.46165964728664,177.27451465866235,172.20602846980972,,,,2.725485341337645,3.3596369463729445,177.59017341994812,-1.712945761625044,2.725485341337645,3.3596369463729445,-2.344073876978579,-6.19451057379201,,,,,,,,,,,10.666910190470036,10.271039082476962,,
512,8.620615255603935,173.66361021045364,176.96991179993154,171.5520800648805,,,,3.0300882000684624,3.740416183519443,177.58385541785054,-1.695792923872996,3.0300882000684624,3.740416183519443,-2.412033004271696,-6.353791390930985,,,,,,,,,,,10.624696162047417,10.15189130349457,,
513,8.637452394775037,173.92526533976016,176.6532080702563,170.5593705256335,,,,3.346791929743688,4.208217702463145,177.4713087640936,-1.6924335687555296,3.346791929743688,4.208217702463145,-2.44941826450242,-6.509627810388246,,,,,,,,,,,10.551253572995563,10.004027310132061,,
514,8.654289533946137,174.0626084799026,176.48609221072638,169.795887289142,,,,3.513907789273617,4.486723946962741,177.30034723428744,-1.6636417117731839,3.513907789273617,4.486723946962741,-2.4627830435220988,-6.5937897971878465,,,,,,,,,,,10.558158493816299,9.894554805536504,,
515,8.67112667311724,174.16232183127502,176.41974295855667,168.2450309505762,,,,3.580257041443332,5.260341829444968,177.25589686246104,-1.6320041374479708,3.580257041443332,5.260341829444968,-2.440800820115214,-6.819339793693705,,,,,,,,,,,10.667992208655631,9.756314485097429,,
516,8.687963812288341,174.12680471444608,176.40239408184652,169.87390889521785,,,,3.5976059181534765,5.974024269875798,177.21587946430134,-1.5604742304016495,3.5976059181534765,5.974024269875798,-2.4204698435370147,-6.997829255582006,,,,,,,,,,,10.729724490607955,9.656259247571723,,
517,8.704800951459442,174.1309111800759,176.56464208354458,169.92676311902412,,,,3.435357916455416,6.564202243017689,177.35962918384854,-1.5129745706134656,3.435357916455416,6.564202243017689,-2.263420789689936,-7.119673211026861,,,,,,,,,,,10.633924761266725,9.428258181554535,,
518,8.721638090630544,174.1800771908717,176.59492413934962,170.90704810413976,,,,3.405075860650385,6.681548833606172,177.46687811558147,-1.4731401119921372,3.405075860650385,6.681548833606172,-2.1994865765417417,-7.14651887235886,,,,,,,,,,,10.642720391957223,9.304646875988352,,
519,8.738475229801645,174.17876386950695,176.6520967857974,170.17098653033935,,,,3.347903214202603,6.876518470998889,177.72701192548564,-1.4481118694084134,3.347903214202603,6.876518470998889,-2.1447890253415105,-7.199049162096441,,,,,,,,,,,10.725153729733043,9.243757149180547,,
520,8.755312368972746,174.1895485841052,176.57354435065372,170.1977498508508,,,,3.4264556493462806,7.386392797728718,177.89477635740525,-1.4165083838888264,3.4264556493462806,7.386392797728718,-2.170589757039733,-7.338037703754764,,,,,,,,,,,10.826887627364863,9.26984168892745,,
521,8.772149508143848,174.18907633559135,176.50435991546547,170.16128863891237,,,,3.4956400845345286,7.601735577656967,177.88815443398295,-1.376351584829761,3.4956400845345286,7.601735577656967,-2.2108646992206578,-7.372804189718118,,,,,,,,,,,11.051032290266035,9.295436014772086,,
522,8.78898664731495,174.24694172462605,176.39304514003635,169.57367957998324,,,,3.6069548599636505,7.711389889728508,177.7572200712267,-1.364068231813091,3.6069548599636505,7.711389889728508,-2.2582606433502916,-7.349028815458206,,,,,,,,,,,11.323606539110498,9.34123231353643,,
523,8.805823786486052,174.25362307261818,176.57468733821304,168.28600336945368,,,,3.425312661786961,7.97562800360987,177.62121049052413,-1.3394852178641132,3.425312661786961,7.97562800360987,-2.10662974315984,-7.384079109470241,,,,,,,,,,,11.182037118009488,9.1414056465337,,
524,8.822660925657152,174.28978893329545,176.60223424838912,167.2579130061049,,,,3.3977657516108764,8.502581956758377,177.6826934552938,-1.32850626991677,3.3977657516108764,8.502581956758377,-2.050874361959982,-7.468899014928146,,,,,,,,,,,11.261179249948054,9.048445610225006,,
525,8.839498064828254,174.38291047936235,176.4077861769236,167.6269415179916,,,,3.5922138230764062,8.947928821703528,177.61243038142237,-1.3033581084226273,3.5922138230764062,8.947928821703528,-2.1107062587681593,-7.523003149299318,,,,,,,,,,,11.507607682307832,9.074039936069642,,
526,8.856335203999356,174.29789502913852,176.40457173380793,167.65289916655973,,,,3.595428266192073,9.06167279616352,177.4787979956036,-1.2456821438630516,3.595428266192073,9.06167279616352,-2.1402738972943216,-7.560375509164193,,,,,,,,,,,11.809171472033846,9.06926680070547,,
527,8.873172343170456,174.27008676023127,176.42231422724103,166.86848292331976,,,,3.5776857727589686,9.071511800272958,177.2158130287057,-1.232556232496475,3.5776857727589686,9.071511800272958,-2.138106635831671,-7.569315462697627,,,,,,,,,,,11.867498057402006,9.066299716560176,,
528,8.890009482341558,174.26509486085132,176.3862118247219,166.65883560692035,,,,3.6137881752781027,9.01698226965047,177.1217484284664,-1.1851080163746461,3.6137881752781027,9.01698226965047,-2.152271237533995,-7.552454684532839,,,,,,,,,,,12.012747307861476,9.08975258167386,,
529,8.90684662151266,174.2860488855083,176.29080967840798,167.26815167978322,,,,3.7091903215920183,9.087245207755416,177.06692257257896,-1.1618223231733533,3.7091903215920183,9.087245207755416,-2.2041307082474217,-7.5513194523381175,,,,,,,,,,,12.500522234709349,9.103839781181088,,
530,8.92368376068376,174.32166121071276,176.22903150790003,167.70688490994814,,,,3.7709684920999678,9.333530531262284,177.21085763264912,-1.1346925590488313,3.7709684920999678,9.333530531262284,-2.225287308239964,-7.65112958291269,,,,,,,,,,,12.722804407291054,9.018516761455068,,
531,8.940520899854862,174.31090250698995,176.21596871253738,166.6896398291536,,,,3.784031287462625,9.614558955080753,177.29619486142855,-1.1294597252343717,3.784031287462625,9.614558955080753,-2.2346529738464187,-7.771541597748293,,,,,,,,,,,13.18374979826424,8.898078945887766,,
532,8.957358039025964,174.2773087487699,176.23401971188358,165.18893672679826,,,,3.765980288116424,9.740838032118091,177.2340382358408,-1.1401952820717571,3.765980288116424,9.740838032118091,-2.241206359697767,-7.8290772294353275,,,,,,,,,,,13.584841523061876,8.797378690069605,,
533,8.974195178197066,174.29885753163106,176.23537181959114,164.37819204618356,,,,3.764628180408863,9.583039368275536,177.13913664466335,-1.1421623748345355,3.764628180408863,9.583039368275536,-2.2432704182336245,-7.866372187105108,,,,,,,,,,,13.70413443116007,8.596494193067247,,
534,8.991032317368166,174.29353142420157,176.2718537361392,162.15432610125583,,,,3.7281462638607934,9.095328634692066,177.24231214110958,-1.140018727440094,3.7281462638607934,9.095328634692066,-2.2377490616502054,-7.716263530084851,,,,,,,,,,,14.253085311683023,8.57017744673506,,
535,9.007869456539268,174.31076470654858,176.3216082135537,161.3921712162485,,,,3.678391786446298,8.688555969857362,177.4607917639684,-1.1363148113209194,3.678391786446298,8.688555969857362,-2.21416719287803,-7.60584929878231,,,,,,,,,,,14.769986845799593,8.543860700402876,,
536,9.02470659571037,174.27070250004473,176.33130905512635,162.58511305188964,,,,3.6686909448736458,8.615114194880533,177.56541520205712,-1.12729089846354,3.6686909448736458,8.615114194880533,-2.21532822580445,-7.565290548552705,,,,,,,,,,,14.95870791035197,8.449765431899458,,
537,9.04154373488147,174.24438713122416,176.41985233667498,160.02019886702357,,,,3.5801476633250218,7.970186694199555,177.54895238383088,-1.1268274935846179,3.5801476633250218,7.970186694199555,-2.1972419128839964,-7.299259204012335,,,,,,,,,,,15.469768803830355,8.481629335546764,,
538,9.058380874052572,174.21229553731635,176.45828660994275,161.431511449481,,,,3.5417133900572537,7.578724791817365,177.5913858985735,-1.1098446447161503,3.5417133900572537,7.578724791817365,-2.1731956309412532,-7.105947221763406,,,,,,,,,,,15.445982141750326,8.475411359207492,,
539,9.075218013223674,174.10069711034538,176.54276972228,162.6971503051561,,,,3.4572302777199866,7.085985225678428,177.59912290796936,-1.0721868500394205,3.4572302777199866,7.085985225678428,-2.162978541188757,-6.882874095500577,,,,,,,,,,,15.663129162451218,8.508694303098197,,
540,9.092055152394774,174.0560421742072,176.4737996730423,162.60566406736586,,,,3.5262003269577065,6.973332930312523,177.58483573095612,-1.059915106497596,3.5262003269577065,6.973332930312523,-2.215199222145959,-6.8918785508632565,,,,,,,,,,,15.519696444757878,8.484802825545644,,
541,9.108892291565876,173.95230381983228,176.61221746181857,159.6621139625611,,,,3.387782538181426,6.817335855611361,177.59902247178522,-1.0327628195316418,3.387782538181426,6.817335855611361,-2.1778655633786315,-6.849965262219495,,,,,,,,,,,15.933704660861938,8.491278809201898,,
542,9.125729430736978,173.79233780920157,176.64619560580525,157.82326941141739,,,,3.3538043941947535,6.601023731771193,177.66776494762578,-1.0000027047213287,3.3538043941947535,6.601023731771193,-2.23594301043133,-6.80026015260287,,,,,,,,,,,16.438807197863763,8.593733514775538,,
543,9.14256656990808,173.76030069384547,176.23760906253656,160.15792216971582,,,,3.7623909374634366,6.651837874498824,177.70434769284626,-0.9786237989915829,3.7623909374634366,6.651837874498824,-2.521428106672158,-6.847552893805711,,,,,,,,,,,16.483234445302372,8.771500556176289,,
544,9.15940370907918,173.62224944513338,176.01439263902589,162.44290483140045,,,,3.9856073609741145,6.935594419473659,177.7418027311276,-0.9332782009734576,3.9856073609741145,6.935594419473659,-2.725486093673397,-6.923794055973958,,,,,,,,,,,16.779652601600322,8.965831667327299,,
545,9.176240848250282,173.46378940217494,176.0486384506792,163.2975295902006,,,,3.951361549320808,7.288388422042601,177.70271739654086,-0.8865292423306179,3.951361549320808,7.288388422042601,-2.7816284858487283,-6.995210481314636,,,,,,,,,,,17.047939897618555,9.09251325996557,,
546,9.193077987421384,173.2966781803054,176.150708258591,163.19089264688333,,,,3.84929174140899,7.453904377448282,177.76521621932648,-0.8293367592049715,3.84929174140899,7.453904377448282,-2.7747654912170012,-7.01954057130606,,,,,,,,,,,17.240345629166583,9.162794453111527,,
547,9.209915126592485,173.22100644315813,176.05672483588063,164.02567806048253,,,,3.9432751641193704,7.523891583833375,177.689401047285,-0.7983323742460986,3.9432751641193704,7.523891583833375,-2.8403509511938823,-7.046682941052589,,,,,,,,,,,17.109334351240204,9.220613892847242,,
548,9.226752265763587,173.14227542415907,175.91975246664043,164.94095772715156,,,,4.080247533359568,7.533926288784414,177.79072367949522,-0.7821758996125692,4.080247533359568,7.533926288784414,-2.947062777497729,-7.056435617634517,,,,,,,,,,,17.13051191432725,9.331041024515633,,
549,9.243589404934689,172.99638108323634,175.93774260333456,165.03204129124023,,,,4.062257396665444,7.49548774106313,177.8844551146616,-0.7200650450249146,4.062257396665444,7.49548774106313,-2.9525325326177523,-7.049275914588261,,,,,,,,,,,17.10655593494545,9.351526805484022,,
550,9.260426544105789,172.83669703897073,175.97883069401837,165.10127214961278,,,,4.02116930598163,7.33077162732809,177.77391718533596,-0.6497881993126225,4.02116930598163,7.33077162732809,-2.9512682967645394,-6.994475160461237,,,,,,,,,,,17.14811285098263,9.409036636439359,,
551,9.27726368327689,172.7447435309954,175.98814317315203,165.7789790651528,,,,4.011856826847975,7.29032636423787,177.7189221618634,-0.5651636297749825,4.011856826847975,7.29032636423787,-2.958415099444947,-7.004137534482221,,,,,,,,,,,17.187760512874142,9.430425443017185,,
552,9.294100822447993,172.59495599265676,176.0756910304359,164.48984048544713,,,,3.9243089695640947,7.157768665736967,177.70295857504308,-0.4680453017217957,3.9243089695640947,7.157768665736967,-2.9553190116411603,-7.008304352651484,,,,,,,,,,,17.46998665419234,9.426168322286978,,
553,9.310937961619095,172.46740222012465,176.07155149845656,164.76386841965459,,,,3.9284485015434427,7.274188127196169,177.75779304224707,-0.42879337820483543,3.9284485015434427,7.274188127196169,-2.993504094554529,-7.064601549217005,,,,,,,,,,,17.552908593324695,9.413474362291453,,
554,9.327775100790195,172.36372329485118,176.0467061197423,165.27954393568805,,,,3.9532938802576894,7.353806745487617,177.7697183372874,-0.4070163574348556,3.9532938802576894,7.353806745487617,-3.0502141028272214,-7.072328868360622,,,,,,,,,,,17.773379070777466,9.48419416787628,,
555,9.344612239961297,172.3213582970534,176.0283711377907,165.3684689247492,,,,3.971628862209286,7.4894639995932835,177.78444716173541,-0.39274037407089574,3.971628862209286,7.4894639995932835,-3.0742603847699645,-7.09834890627828,,,,,,,,,,,17.93889076462156,9.524907722496074,,
556,9.361449379132399,172.26396180499054,176.06293728580818,165.3997049446474,,,,3.937062714191825,7.629720451319486,177.71269635350205,-0.37904510520280044,3.937062714191825,7.629720451319486,-3.0713707028197637,-7.134250624436356,,,,,,,,,,,17.99219830140155,9.531719115664405,,
557,9.378286518303499,172.2064817761806,176.10152440128417,165.83767881289018,,,,3.8984755987158337,7.6686161170285345,177.67529662899491,-0.3532703152107159,3.8984755987158337,7.6686161170285345,-3.0642497008710543,-7.153085158576058,,,,,,,,,,,17.951849182116995,9.535640826882535,,
558,9.3951236574746,172.16353402763062,176.11647140783384,166.4013848840924,,,,3.883528592166158,7.705202832532592,177.75929093100154,-0.3127890634455491,3.883528592166158,7.705202832532592,-3.0629854650178414,-7.1907542268554625,,,,,,,,,,,17.879699048468645,9.537188870784428,,
559,9.411960796645703,171.98881118532074,176.20718188449908,167.36692687355745,,,,3.7928181155009213,7.767585766245105,177.78911485771374,-0.24366935976265394,3.7928181155009213,7.767585766245105,-3.0637852877004863,-7.245322774397202,,,,,,,,,,,17.83567977510002,9.532415735420257,,
560,9.428797935816803,171.82019462726592,176.33510040227867,168.4877342338307,,,,3.6648995977213303,7.7246639501247785,177.9223895558538,-0.17345773292616384,3.6648995977213303,7.7246639501247785,-3.063656284041995,-7.279366839873006,,,,,,,,,,,17.810530511877175,9.532106126639878,,
561,9.445635074987905,171.72108403902172,176.404626191984,169.01830161024387,,,,3.5953738080160065,7.593159885739027,178.06524087097924,-0.11853466512966239,3.5953738080160065,7.593159885739027,-3.0624178489204805,-7.276877069264128,,,,,,,,,,,17.67787121221357,9.548566993463345,,
562,9.462472214159007,171.62126277678985,176.5185593321636,168.71215534487285,,,,3.4814406678364094,7.322764654104077,178.27032098566488,-0.05295236959897176,3.4814406678364094,7.322764654104077,-3.0664943645287996,-7.248896175737406,,,,,,,,,,,17.668047583619472,9.566679107115496,,
563,9.479309353330109,171.68452107258713,176.60736645645477,168.2516206781167,,,,3.39263354354523,7.3126833077965046,178.32629317241143,-0.041315047497706425,3.39263354354523,7.3126833077965046,-2.981093942607684,-7.245271172933806,,,,,,,,,,,17.17692420556089,9.44443524032932,,
564,9.49614649250121,171.65474990382828,176.66998058011677,168.6694717483083,,,,3.3300194198832287,7.218277867534454,178.48354192073583,-0.03073746916629952,3.3300194198832287,7.218277867534454,-2.961098375541562,-7.276348154264315,,,,,,,,,,,16.653864359297103,9.399232358394034,,
565,9.512983631672311,171.92683263784045,176.2507471452715,169.64574877354838,,,,3.7492528547284962,7.049486914171638,178.64109842060572,-0.03187240488561491,3.7492528547284962,7.049486914171638,-3.0977648513470446,-7.311179142056914,,,,,,,,,,,15.95252629463579,9.380604230107918,,
566,9.529820770843413,171.92836478654093,176.15309994307796,168.9582812048485,,,,3.8469000569220384,7.080861796275741,178.60894079830695,-0.013187938524266059,3.8469000569220384,7.080861796275741,-3.0970682315911926,-7.336941172657589,,,,,,,,,,,15.268687576248798,9.321701159640877,,
567,9.546657910014513,171.94540814069322,175.97031717903164,168.79476997369963,,,,4.029682820968361,7.116621174094092,179.03010680057523,0.00515921305496624,4.029682820968361,7.116621174094092,-3.146347629134797,-7.380092896422866,,,,,,,,,,,14.807597862432678,9.29074028160301,,
568,9.563495049185615,172.04221160580406,175.74779960775248,169.27559824875246,,,,4.2522003922475164,7.07897766256491,178.91593347174046,0.005414979838280462,4.2522003922475164,7.07897766256491,-3.210204440087897,-7.376158284838887,,,,,,,,,,,14.176042714286401,9.273427990633504,,
569,9.580332188356717,171.9992322971486,175.65210532624693,170.2076642112237,,,,4.347894673753075,6.9971740844072485,178.65826461736154,0.022415365864399406,4.347894673753075,6.9971740844072485,-3.2615736968990574,-7.38336958934854,,,,,,,,,,,13.59087728173353,9.302479614525701,,
570,9.597169327527817,171.93851344574878,175.7138058403069,169.66682293290515,,,,4.28619415969311,6.498540746187558,178.52711093010288,0.025992300387005975,4.28619415969311,6.498540746187558,-3.2263298973992858,-7.2802311643848965,,,,,,,,,,,12.920164685598008,9.335349746709236,,
571,9.61400646669892,171.9282188551702,175.9112659665239,169.6590578319144,,,,4.088734033476101,6.351811893229836,178.19557703607842,-0.07660712836947249,4.088734033476101,6.351811893229836,-3.156074504985027,-7.254546535979316,,,,,,,,,,,12.481811060318078,9.272034751121799,,
572,9.630843605870021,172.1003922258519,175.91629820671844,170.13639740392262,,,,4.083701793281563,6.113305564390316,178.24853299373342,-0.20281917052744677,4.083701793281563,6.113305564390316,-3.115928566462593,-7.1648115911329,,,,,,,,,,,12.044154861066867,9.299538331112103,,
573,9.647680745041123,172.1905059455678,175.8966834469808,169.37186112650764,,,,4.103316553019198,5.89551378900714,178.28384491357136,-0.25218216760737794,4.103316553019198,5.89551378900714,-3.120572698168273,-7.134573133582584,,,,,,,,,,,11.789976533923236,9.333053481588095,,
574,9.664517884212223,172.2585597868998,175.91860072238447,168.99512765892942,,,,4.081399277615532,5.761943389484742,178.09296755397642,-0.3329551751700693,4.081399277615532,5.761943389484742,-3.1166767876818415,-7.131760853827477,,,,,,,,,,,11.485571438618955,9.363059732553127,,
575,9.681355023383325,172.36102528676173,175.9728936609798,166.78005602801,,,,4.027106339020207,5.439848277219937,177.56861120507014,-0.4220894505794806,4.027106339020207,5.439848277219937,-3.119643871827137,-7.058293270316789,,,,,,,,,,,11.340455223182303,9.425342698872635,,
576,9.698192162554427,172.40092392385972,175.9445939503547,165.9240575733477,,,,4.055406049645313,5.032675777543801,177.60987863105183,-0.4784197186998878,4.055406049645313,5.032675777543801,-3.1479988759634834,-6.849255742097793,,,,,,,,,,,11.359022881003503,9.676925633662,,
577,9.715029301725528,172.39194213731324,175.88305619250585,168.35897804112858,,,,4.1169438074941525,4.460673391570026,177.45458011055217,-0.6104168989930068,4.1169438074941525,4.460673391570026,-3.2340959176404507,-6.566054010612258,,,,,,,,,,,11.383800452435317,10.174647548852404,,
578,9.73186644089663,172.2656618066571,175.9592521493654,169.6593241858993,,,,4.040747850634602,4.3587823760551885,177.17151781917315,-0.7416131281931287,4.040747850634602,4.3587823760551885,-3.2717133844564588,-6.547387181228594,,,,,,,,,,,11.17037921864622,10.369881685612851,,
579,9.748703580067732,172.06654634312324,176.29366141989055,165.47015809861313,,,,3.7063385801094455,4.176310773094912,177.48002784558972,-0.7890976981593859,3.7063385801094455,4.176310773094912,-3.206411732528258,-6.447344844068738,,,,,,,,,,,11.414804869207924,10.694583894034977,,
580,9.765540719238832,171.79574823448812,176.64502828511561,163.85057548062235,,,,3.3549717148843854,3.899379639311803,177.07745214716326,-0.8291647274849484,3.3549717148843854,3.899379639311803,-3.1486954957193354,-6.368562309828216,,,,,,,,,,,11.573902662406415,10.920133890540836,,
581,9.782377858409934,171.58216722963772,176.91859653508504,165.24836902301448,,,,3.081403464914956,3.6331873188072166,176.68129422716052,-0.9396502131609694,3.081403464914956,3.6331873188072166,-3.1330086508468162,-6.311503991677598,,,,,,,,,,,11.558145671794591,11.13889829461006,,
582,9.799214997581036,171.60253422656845,176.94725512837212,167.04908114560553,,,,3.0527448716278798,3.4279980787472937,176.73690506583748,-1.0814486215798442,3.0527448716278798,3.4279980787472937,-3.1961430413123657,-6.239945662312579,,,,,,,,,,,11.628783237547129,11.344323720391305,,
583,9.816052136752138,171.54243839114056,177.04540669896448,168.70720139450836,,,,2.9545933010355157,3.060878165715735,176.68293933888683,-1.2840142011785454,2.9545933010355157,3.060878165715735,-3.2866004066463326,-6.067635475666002,,,,,,,,,,,11.986080639105632,11.776124766092751,,
584,9.832889275923238,171.4770930374947,177.37810722690253,169.39093163670287,,,,2.6218927730974713,2.8120203179719283,176.60748317736886,-1.4731731280695963,2.6218927730974713,2.8120203179719283,-3.2466092725140885,-5.976687896429769,,,,,,,,,,,12.193221813544808,11.997288638209913,,
585,9.84972641509434,171.42670740145692,177.5820008781433,170.88859054277216,,,,2.4179991218566954,2.5215790609402973,176.84363382256876,-1.607037467166578,2.4179991218566954,2.5215790609402973,-3.2824980903063157,-5.878954724756904,,,,,,,,,,,12.453236749962297,12.266570874944257,,
586,9.866563554265442,171.78823713061988,177.59604538853034,168.40758491086223,,,,2.4039546114696577,2.3423454957364527,176.7468999931125,-1.8709399349747913,2.4039546114696577,2.3423454957364527,-3.269881532505885,-5.834745170992,,,,,,,,,,,12.530329336276585,12.379990891489642,,
587,9.883400693436542,171.78326537695773,177.5603233776146,168.0702983022659,,,,2.439676622385406,2.209391308354583,176.54150134181157,-2.0352331241467305,2.439676622385406,2.209391308354583,-3.401491064898516,-5.852612177693018,,,,,,,,,,,12.687829096655516,12.564362920205138,,
588,9.900237832607644,171.81335671870696,177.53843908050348,168.16572018145618,,,,2.4615609194965202,1.6182202512330264,176.09946012276777,-2.2156660664788834,2.4615609194965202,1.6182202512330264,-3.5230383119288406,-5.66653730068544,,,,,,,,,,,12.94776179324072,12.834032167914955,,
589,9.917074971778746,171.68126301760253,177.9153105676788,166.2427644376676,,,,2.0846894323211984,1.2004042306271003,175.9855759273258,-2.312108179119679,2.0846894323211984,1.2004042306271003,-3.4707144280448463,-5.543816120362846,,,,,,,,,,,13.115150490315859,12.993377486883176,,
590,9.933912110949846,171.72654079056286,178.06325804237935,164.85967689667652,,,,1.9367419576206544,0.9657058096274795,175.9979131268481,-2.4232012796015354,1.9367419576206544,0.9657058096274795,-3.4761841831648694,-5.478243560751815,,,,,,,,,,,13.211392863460286,13.090001227093017,,
591,9.950749250120948,172.00802102675695,178.08194132485292,162.62365409189803,,,,1.9180586751470798,0.720907567712203,175.89477898601038,-2.5641321377187816,1.9180586751470798,0.720907567712203,-3.416120079771408,-5.380884499688573,,,,,,,,,,,13.201215281078204,13.099857106601739,,
592,9.96758638929205,172.29596893588598,177.8759697498532,162.31374891479584,,,,2.1240302501468022,0.5602303033276144,175.6070963279331,-2.7294669106470555,2.1240302501468022,0.5602303033276144,-3.5073514670563215,-5.324006786659843,,,,,,,,,,,13.290535801671718,13.204891885345202,,
593,9.984423528463152,172.52073495903335,177.83146971585964,162.9324355706323,,,,2.1685302841403598,0.16551099643109524,175.4766974132728,-2.888274158603295,2.1685302841403598,0.16551099643109524,-3.502191320716677,-5.206123243530666,,,,,,,,,,,13.269205853013078,13.194416788275722,,
594,10.001260667634252,172.8873218055818,177.63354626901074,164.12104712313396,,,,2.3664537309892637,0.11534989781745253,175.40925404805137,-3.114715612075783,2.3664537309892637,0.11534989781745253,-3.5485294348466843,-5.094664082594346,,,,,,,,,,,13.281324940455454,13.216605417536194,,
595,10.018097806805354,173.27173907031028,177.43387025416968,165.5475958473678,,,,2.566129745830324,0.30901041820231967,175.29297855453183,-3.3228279357962394,2.566129745830324,0.30901041820231967,-3.552683352650098,-4.99708571531167,,,,,,,,,,,13.25107680763075,13.208478187051254,,
596,10.034934945976456,173.52709764688782,177.3393486555719,165.42252361576607,,,,2.6606513444280893,0.4275009950788444,175.05930992543117,-3.4484512501424303,2.6606513444280893,0.4275009950788444,-3.5723693109358416,-4.96297714800662,,,,,,,,,,,13.244483108136123,13.210439042660319,,
597,10.051772085147556,173.70259465602817,177.06902159433935,163.97526247714444,,,,2.930978405660653,0.6116580427422775,175.03605290175238,-3.53951537600261,2.930978405660653,0.6116580427422775,-3.7104548269847264,-4.914046060340942,,,,,,,,,,,13.360507386037296,13.338617077737087,,
598,10.068609224318658,173.7302400434111,176.82485156609286,162.79074689946478,,,,3.1751484339071396,0.6673463172952268,175.00490785937643,-3.5795347632301326,3.1751484339071396,0.6673463172952268,-3.872251215464278,-4.906305840831475,,,,,,,,,,,13.505276097868887,13.489422354513195,,
599,10.08544636348976,173.77505453359296,176.7438187919653,161.7226982612628,,,,3.2561812080346897,0.7636142613041557,174.86768793743687,-3.6290822492220984,3.2561812080346897,0.7636142613041557,-3.9167316769120126,-4.876402792793235,,,,,,,,,,,13.516732429015763,13.502735532069478,,
600,10.10228350266086,173.7994163218708,176.6922787788686,160.9344816235792,,,,3.307721221131402,0.8221055432437367,174.72286239775536,-3.691188060985261,3.307721221131402,0.8221055432437367,-3.949266399583471,-4.8731648009651085,,,,,,,,,,,13.499668470088851,13.484236407441852,,
601,10.119120641831962,173.84298092721298,176.69168694621106,160.8655571908679,,,,3.308313053788936,0.8425588347632811,174.60233873956273,-3.7655878604226842,3.308313053788936,0.8425588347632811,-3.947640953486483,-4.852227507192001,,,,,,,,,,,13.500728718907075,13.479282666955793,,
602,10.135957781003064,173.9808635355129,176.66117331429012,161.1697250723616,,,,3.3388266857098756,0.9891293294649302,174.44857092754577,-3.877476156801588,3.3388266857098756,0.9891293294649302,-3.938842903977389,-4.78868030501928,,,,,,,,,,,13.496016054007821,13.468265754520653,,
603,10.152794920174166,174.04319445248998,176.66310892055378,161.26420658898687,,,,3.336891079446218,1.1892675052804407,174.30123114347182,-3.9217742735243504,3.336891079446218,1.1892675052804407,-3.9136871905716224,-4.713355068826321,,,,,,,,,,,13.48412030414921,13.449173213063968,,
604,10.169632059345266,174.0932921006747,176.65238919335027,164.37484434358498,,,,3.347610806649726,1.5843677623481653,174.18344614852006,-3.9518995393668335,3.347610806649726,1.5843677623481653,-3.909636475695002,-4.550294444493557,,,,,,,,,,,13.532045163278658,13.487848509879603,,
605,10.186469198516368,174.1354549980185,176.64071272151017,165.3311605937798,,,,3.3592872784898304,1.881592137390328,174.09032198516724,-3.9755776380513677,3.3592872784898304,1.881592137390328,-3.90777882301273,-4.401978938326327,,,,,,,,,,,13.617785832349044,13.55916173229349,,
606,10.20330633768747,174.14914105134184,176.61707541524132,167.31643365348526,,,,3.3829245847586833,2.0395125597790127,174.02234419133393,-3.9954631559868683,3.3829245847586833,2.0395125597790127,-3.9139451978886046,-4.287449490317918,,,,,,,,,,,13.74597515524593,13.664609322744123,,
607,10.22014347685857,174.1696461115773,176.5429396219538,168.5373435554501,,,,3.457060378046208,2.1752887623360664,173.9749401895812,-3.9999488060965276,3.457060378046208,2.1752887623360664,-3.938713900318898,-4.186465426451076,,,,,,,,,,,13.865247100249617,13.770624529292117,,
608,10.236980616029673,174.1961303125696,176.43673658598715,169.24614602430975,,,,3.5632634140128516,2.2740861149160025,173.89723877029002,-3.992274563762059,3.5632634140128516,2.2740861149160025,-3.9766409759152848,-4.115049001110398,,,,,,,,,,,13.938563104461577,13.851742029751328,,
609,10.253817755200775,174.28563728621103,176.2287718861177,169.7550806571933,,,,3.7712281138823016,2.32380553230891,173.90105515932646,-3.9796474875590517,3.7712281138823016,2.32380553230891,-4.058816306374123,-4.081843459414785,,,,,,,,,,,13.969930344023691,13.888353268031105,,
610,10.270654894371877,174.35902606160272,175.98907072587704,170.39022689468743,,,,4.010929274122958,2.373885843785928,173.92779289171952,-3.9575686821505274,4.010929274122958,2.373885843785928,-4.145687370002037,-4.061267375885453,,,,,,,,,,,13.982454986717446,13.913225173388192,,
611,10.287492033542977,174.394925696393,175.82636303881418,171.0002263700821,,,,4.173636961185821,2.371411059444,173.95558237087877,-3.9364822627238847,4.173636961185821,2.371411059444,-4.197598442178859,-4.061512482836586,,,,,,,,,,,13.983106455192827,13.925093509969374,,
612,10.304329172714079,174.40034792803223,175.7049503453937,171.3164416103702,,,,4.295049654606288,2.3629774165702315,174.0706161552262,-3.9156212044192285,4.295049654606288,2.3629774165702315,-4.2361963367993996,-4.071742472954932,,,,,,,,,,,13.97484054577501,13.927002764115043,,
613,10.32116631188518,174.4727728104374,175.45881808382902,171.68544205701005,,,,4.541181916170984,2.35742126200455,174.1010652392571,-3.8984450820851175,4.541181916170984,2.35742126200455,-4.312721307016327,-4.076593010514197,,,,,,,,,,,13.968433901585195,13.936162023867912,,
614,10.33800345105628,174.4727373543774,175.3511797812138,172.65481632646257,,,,4.648820218786199,2.357836352231118,174.18285956807551,-3.891963676540849,4.648820218786199,2.357836352231118,-4.360426859926339,-4.0781668551477885,,,,,,,,,,,13.995221511270874,13.97362468629373,,
615,10.354840590227383,174.48523192606956,175.23745066773117,173.05039203266332,,,,4.762549332268833,2.387041386064908,174.2301339938475,-3.8867312124355906,4.762549332268833,2.387041386064908,-4.419252528198286,-4.065743802835095,,,,,,,,,,,14.038965039319478,14.025561559202252,,
616,10.371677729398485,174.50352770029215,175.14400704669399,173.04170420576264,,,,4.855992953306014,2.428015754893437,174.26866935434794,-3.8882612325086234,4.855992953306014,2.428015754893437,-4.468428722815098,-4.054830093326747,,,,,,,,,,,14.060448986095441,14.055180799191811,,
617,10.388514868569585,174.61453067358397,174.90038037534242,173.37830193680696,,,,5.099619624657578,2.403710341633797,174.3642575337236,-3.89582217038886,5.099619624657578,2.403710341633797,-4.549159212298835,-4.069084997590014,,,,,,,,,,,14.055920957682403,14.055877418947663,,
618,10.405352007740687,174.78902136992454,174.58625949652563,173.52409927448826,,,,5.413740503474372,2.360159509157228,174.4702272327822,-3.9151078635580023,5.413740503474372,2.360159509157228,-4.637191308853168,-4.084900846121025,,,,,,,,,,,14.050686634239126,14.044473495537048,,
619,10.422189146911789,175.0464273048521,174.25161103628076,173.43451329857314,,,,5.748388963719236,2.1423797029602554,174.5289911591623,-3.939496766953858,5.748388963719236,2.1423797029602554,-4.6928434871262334,-4.14491334805109,,,,,,,,,,,13.948810832582964,13.936213625331309,,
620,10.43902628608289,175.25442748555363,173.96616071690798,174.61747879284584,,,,6.033839283092021,2.1000295766595514,174.56244426646666,-3.94743439500773,6.033839283092021,2.1000295766595514,-4.731054370771301,-4.155917360120381,,,,,,,,,,,13.872566445323256,13.84678828926527,,
621,10.455863425253991,175.47069520192042,173.62766261078607,176.5457158314389,,,,6.372337389213925,1.9604447700190235,174.61611908182513,-3.9564682216380036,6.372337389213925,1.9604447700190235,-4.786448541727384,-4.184839980354089,,,,,,,,,,,13.838728785701038,13.794361202454482,,
622,10.472700564425093,175.61885261316644,173.4282737931516,176.26414101017713,,,,6.57172620684841,1.9237640926121742,174.69711830546686,-3.9602483917311164,6.57172620684841,1.9237640926121742,-4.81364251293731,-4.180557058892184,,,,,,,,,,,13.811031700222996,13.758472384662255,,
623,10.489537703596195,175.75222352692907,173.24785009339527,176.0538952003766,,,,6.752149906604728,1.9229500689972667,174.86277022041753,-3.9592536724867258,6.752149906604728,1.9229500689972667,-4.832477047077012,-4.174738993894234,,,,,,,,,,,13.777622977765262,13.707438537363172,,
624,10.506374842767295,175.88524494825674,173.129616763756,175.5979800692563,,,,6.87038323624401,1.876384399070048,174.9304339173246,-3.987081686873736,6.87038323624401,1.876384399070048,-4.84382936902423,-4.171049489261389,,,,,,,,,,,13.766256142906464,13.682824639323067,,
625,10.523211981938397,176.01965343180197,173.0345758430503,175.41366599499665,,,,6.965424156949695,1.8531909717590622,174.96690579379197,-4.016827912703123,6.965424156949695,1.8531909717590622,-4.843674564634041,-4.161296812679461,,,,,,,,,,,13.75679372455614,13.660326401282218,,
626,10.540049121109499,176.25874631535433,172.87569212955302,175.09000501354595,,,,7.124307870446984,1.8264920749574856,174.99578941538562,-4.075379214804734,7.124307870446984,1.8264920749574856,-4.849221721949158,-4.1460356798799625,,,,,,,,,,,13.721256441733301,13.62634683763566,,
627,10.5568862602806,176.47774418791826,172.94678526778145,174.11856702682536,,,,7.053214732218549,1.7869555541880402,175.05142632154178,-4.133693503854011,7.053214732218549,1.7869555541880402,-4.711781224192729,-4.126788334033089,,,,,,,,,,,13.56173858037185,13.474174122079546,,
628,10.573723399451701,176.64864830120234,172.91318429517702,175.62968470516208,,,,7.086815704822982,1.7484284001357082,175.26076156582954,-4.153042169605685,7.086815704822982,1.7484284001357082,-4.645318539338109,-4.123911552448737,,,,,,,,,,,13.435847941414702,13.349608189440529,,
629,10.590560538622803,176.84371296990935,172.92337820641936,178.0613390427362,,,,7.076621793580642,1.6709352661652304,175.3920169720221,-4.191899616433605,7.076621793580642,1.6709352661652304,-4.543766859373906,-4.119190018547962,,,,,,,,,,,13.282405346095317,13.198983517786308,,
630,10.607397677793905,176.9530320116564,173.1203446772773,179.5984615122497,,,,6.879655322722698,1.6739775909801153,175.66374845977418,-4.174550532000411,6.879655322722698,1.6739775909801153,-4.345359232614578,-4.105786538430736,,,,,,,,,,,13.030523284072824,12.950677275922617,,
631,10.624234816965005,176.98286063336838,173.31243676611183,179.58693169987066,,,,6.68756323388817,1.662481319155063,175.7861560661745,-4.154275221355197,6.68756323388817,1.662481319155063,-4.184311065354275,-4.109127733185655,,,,,,,,,,,12.83840055430061,12.757894208673502,,
632,10.641071956136107,176.99384583529758,173.46853133815574,178.303378805356,,,,6.531468661844258,1.6311087890942702,175.9091996782128,-4.112249902130599,6.531468661844258,1.6311087890942702,-4.032886571017409,-4.116919554158518,,,,,,,,,,,12.647400962630135,12.565807761180238,,
633,10.65790909530721,177.05210606553402,173.69923305012227,179.14225012693854,,,,6.300766949877726,1.6007111743320195,175.9804889001421,-4.084691812597775,6.300766949877726,1.6007111743320195,-3.8465278859611503,-4.124775876960627,,,,,,,,,,,12.406567257684541,12.338529115650598,,
634,10.67474623447831,177.17139141057774,173.89224473168306,179.1981373068841,,,,6.107755268316936,1.5833793226800594,176.01715465822753,-4.080283759313845,6.107755268316936,1.5833793226800594,-3.673121168217399,-4.125704703301763,,,,,,,,,,,12.188291454971852,12.133929313283696,,
635,10.691583373649411,177.33574622284627,173.95804393740946,178.31588227346495,,,,6.041956062590543,1.5351861694102524,175.97152299014144,-4.104287975822462,6.041956062590543,1.5351861694102524,-3.5591077348429554,-4.125975610984595,,,,,,,,,,,12.041734429924428,11.995147177478959,,
636,10.708420512820513,177.51076434703356,173.89641878311934,177.50848507939523,,,,6.103581216880656,1.4575025106964574,175.94634156403464,-4.145432592799232,6.103581216880656,1.4575025106964574,-3.5255925843669647,-4.126491625618559,,,,,,,,,,,11.965244935713585,11.926233423113008,,
637,10.725257651991614,177.55191395360498,174.01135896092347,177.87762897850737,,,,5.988641039076526,1.4038845903826598,175.86804029025612,-4.132880502222668,5.988641039076526,1.4038845903826598,-3.423421686842005,-4.127291448301204,,,,,,,,,,,11.856058657985306,11.81678671924915,,
638,10.742094791162716,177.51147213015963,174.24833871373866,178.62527224011222,,,,5.7516612862613385,1.3981578460725927,175.85559543404062,-4.076074979764016,5.7516612862613385,1.3981578460725927,-3.2466092725140885,-4.113488056842655,,,,,,,,,,,11.692376397273188,11.650655807844297,,
639,10.758931930333818,177.4885322482356,174.6595465552721,178.72481804109879,,,,5.340453444727899,1.3900163107109904,175.84551048023636,-4.02551792922736,5.340453444727899,1.3900163107109904,-2.927789630919157,-4.079289186976662,,,,,,,,,,,11.423535998069175,11.377374457696728,,
640,10.77576906950492,177.56361493246484,174.93403206759214,177.5875115167864,,,,5.065967932407858,1.3513259455938282,175.76901631988875,-4.008751986979365,5.065967932407858,1.3513259455938282,-2.7028072505106597,-4.058880808203368,,,,,,,,,,,11.244839324054423,11.194860081663505,,
641,10.79260620867602,177.71775223689275,175.04239482806275,176.77026051511874,,,,4.957605171937246,1.2541380818813366,175.65372272303858,-4.048124711659034,4.957605171937246,1.2541380818813366,-2.5670696010463128,-4.056545841984679,,,,,,,,,,,11.143756088625116,11.08853526633513,,
642,10.809443347847122,177.7620910924558,175.1070720254664,176.40255736007845,,,,4.892927974533592,1.202684286369987,175.57408692969244,-4.03856665745122,4.892927974533592,1.202684286369987,-2.5088373496034255,-4.072219786491349,,,,,,,,,,,11.102001635735872,11.039539676840207,,
643,10.826280487018224,177.86100308441198,175.15806668927098,176.20480776425654,,,,4.841933310729019,1.1322874557714044,175.56764726507527,-4.055026700811142,4.841933310729019,1.1322874557714044,-2.451069511331106,-4.09455031977616,,,,,,,,,,,11.054009855958581,10.97939817125165,,
644,10.843117626189324,177.8370726614786,175.29517972137953,176.12808611366344,,,,4.704820278620474,1.0559176585934438,175.55751545408614,-4.051130306687205,4.704820278620474,1.0559176585934438,-2.3798078903806164,-4.106831468064514,,,,,,,,,,,11.019302227914414,10.933008455658248,,
645,10.859954765360426,177.66644472749923,175.5044662530707,175.8355702768055,,,,4.495533746929311,0.9681343015379582,175.59810747364918,-3.9823457889337397,4.495533746929311,0.9681343015379582,-2.309939508941831,-4.131496967568014,,,,,,,,,,,10.977818682708001,10.907543133472103,,
646,10.876791904531528,177.45962842061326,175.65300635398953,175.79844264585037,,,,4.346993646010475,0.8652453899262582,175.68479178716848,-3.9232774142048177,4.346993646010475,0.8652453899262582,-2.261459934080871,-4.125149987570252,,,,,,,,,,,10.973337418121165,10.919463071516681,,
647,10.893629043702628,177.15104942164683,175.86724601398637,175.78229899325785,,,,4.1327539860136255,0.8838168080721118,175.76324084195326,-3.8023340815548847,4.1327539860136255,0.8838168080721118,-2.179903821182791,-4.087919531729717,,,,,,,,,,,10.979439291167795,10.93269884687787,,
648,10.91046618287373,176.78386715020588,176.2180391640326,175.99674345210485,,,,3.7819608359673964,1.2588103510289272,175.83953770079887,-3.6535038724143125,3.7819608359673964,1.2588103510289272,-2.0526030109837627,-3.968797553479025,,,,,,,,,,,10.979860971876487,10.940464867119035,,
649,10.927303322044832,176.6142985893312,176.34226659537413,176.40549763486226,,,,3.6577334046258727,1.6219648484597258,175.86279236477202,-3.5601718553811468,3.6577334046258727,1.6219648484597258,-1.9705566841834163,-3.847856623643609,,,,,,,,,,,10.991825254928672,10.95604850906476,,
650,10.944140461215934,176.47030329692623,176.50111282265684,176.57268735983493,,,,3.498887177343164,1.991937453228644,175.93103851999192,-3.487124064568413,3.498887177343164,1.991937453228644,-1.872023689827906,-3.693968159429563,,,,,,,,,,,11.016431090240122,10.984455114664502,,
651,10.960977600387034,176.17725262743912,176.7423761261035,176.78843581182514,,,,3.257623873896506,2.0433473602105323,176.0392209251728,-3.371523969608674,3.257623873896506,2.0433473602105323,-1.7773092037637324,-3.6393738111561245,,,,,,,,,,,11.052027230982146,11.017531652701624,,
652,10.977814739558136,175.97693183884084,176.9541887018883,177.0694891516287,,,,3.045811298111687,2.0174180690354717,176.12028354850548,-3.300834506676044,3.045811298111687,2.0174180690354717,-1.6829817286750322,-3.5993955773897293,,,,,,,,,,,11.076840278420047,11.036108179524344,,
653,10.994651878729238,175.91375735030104,176.96726411142242,177.47144447254237,,,,3.0327358885775766,2.109977993413054,176.25960646801653,-3.228861035617974,3.0327358885775766,2.109977993413054,-1.6248784808906358,-3.5124858126642677,,,,,,,,,,,11.093226968139879,11.048440929276094,,
654,11.011489017900338,176.20759492646934,176.7411743918924,177.9686604179177,,,,3.2588256081075997,2.5598674193728925,176.29509795423044,-3.238242017429658,3.2588256081075997,2.5598674193728925,-1.5970652921199522,-3.303370882250177,,,,,,,,,,,11.096714098283467,11.050917799519123,,
655,11.02832615707144,176.34505128515886,176.5477569164888,178.7044178438691,,,,3.452243083511206,2.73902570952788,176.29597630461888,-3.217676935484415,3.452243083511206,2.73902570952788,-1.5849905496851844,-3.1874223939983666,,,,,,,,,,,11.09853708123252,11.050453386348556,,
656,11.045163296242542,176.4111671646534,176.36665100716044,178.6256993494326,,,,3.633348992839558,2.9510796865729105,176.29678117494365,-3.144988395300485,3.633348992839558,2.9510796865729105,-1.5801142113942204,-3.0667652722116308,,,,,,,,,,,11.096256135295825,11.041835941961349,,
657,11.062000435413642,176.5629327493717,176.19542901111683,178.2992314035401,,,,3.804570988883171,3.2178368223462144,176.36055212637314,-3.125410347418715,3.804570988883171,3.2178368223462144,-1.5789273777361021,-2.9055752009269877,,,,,,,,,,,11.079827519386981,11.03979768415719,,
658,11.078837574584744,176.5321392609851,176.1508100021715,177.94814591173665,,,,3.849189997828489,3.2729727854824944,176.70160401590965,-3.0449759397197793,3.849189997828489,3.2729727854824944,-1.5763731052979781,-2.824431899736079,,,,,,,,,,,11.049689845944862,11.020292330993334,,
659,11.095674713755846,176.6289604909998,175.87787442468064,174.62061065793534,,,,4.122125575319359,3.1777985877320987,176.7923695697616,-2.885092861547617,4.122125575319359,3.1777985877320987,-1.6361792013744572,-2.8215680185175764,,,,,,,,,,,11.081722260621069,11.068746105122594,,
660,11.112511852926948,176.58562212150156,175.7027165295187,173.5532329535244,,,,4.29728347048129,3.15771328902332,176.88464084320785,-2.7005252408150553,4.29728347048129,3.15771328902332,-1.6957014894022555,-2.829217935466099,,,,,,,,,,,11.120306448602895,11.110388486083526,,
661,11.129348992098048,176.50850713684173,175.5699931935875,172.71990745605945,,,,4.430006806412507,2.894958589853644,176.94803432053524,-2.534421318720431,4.430006806412507,2.894958589853644,-1.7178901186627267,-2.9261899855538673,,,,,,,,,,,11.13641819927557,11.12659134559001,,
662,11.14618613126915,176.4445478522786,175.5254725089591,172.62706086762864,,,,4.474527491040902,2.8666912564528104,177.11340618502888,-2.376834681442409,4.474527491040902,2.8666912564528104,-1.683549344772393,-2.9432442692063923,,,,,,,,,,,11.15578971114374,11.14514207168103,,
663,11.163023270440252,176.34001896748782,175.54604989989085,172.80521605922337,,,,4.453950100109154,2.9258311696210626,177.30358910466936,-2.214621466422306,4.453950100109154,2.9258311696210626,-1.6334443238144456,-2.895874125808456,,,,,,,,,,,11.21860401128166,11.201723076295231,,
664,11.179860409611353,176.38052723703282,175.49071903795976,173.94449689501496,,,,4.509280962040236,2.8582113781210694,177.391734085882,-2.164657025803061,4.509280962040236,2.8582113781210694,-1.60493451528791,-2.849278004361467,,,,,,,,,,,11.25027924707842,11.232606552138003,,
665,11.196697548782454,176.44636560214906,175.41528923923624,174.3951005254762,,,,4.584710760763755,2.836141763207223,177.45416559962302,-2.0788697368687568,4.584710760763755,2.836141763207223,-1.5732770174941915,-2.8097512833997906,,,,,,,,,,,11.265154175175311,11.24615193627957,,
666,11.213534687953556,176.52384976491865,175.35408811264017,174.11993362024,,,,4.64591188735983,2.8478510076503483,177.52596310254356,-2.0410404735559404,4.64591188735983,2.8478510076503483,-1.5230171921460547,-2.7344002464751327,,,,,,,,,,,11.247354895395,11.2312133126263,,
667,11.230371827124657,176.71300041940768,175.32818780561615,173.9393517537476,,,,4.671812194383847,2.911410880760201,177.68923700453283,-1.9834251462146932,4.671812194383847,2.911410880760201,-1.441306274857785,-2.653708458088943,,,,,,,,,,,11.216299683431862,11.204406352391846,,
668,11.247208966295759,176.65075203949047,175.2628559516971,173.6209890805511,,,,4.737144048302895,2.986161066829908,177.76478728932648,-1.7995999191120229,4.737144048302895,2.986161066829908,-1.4055722614557473,-2.573119872629546,,,,,,,,,,,11.176729423735445,11.171097607769441,,
669,11.26404610546686,176.75538318638127,175.2159456280667,173.8489062526551,,,,4.784054371933308,3.190893672245238,177.80021964947323,-1.6814677063170664,4.784054371933308,3.190893672245238,-1.3458951690377594,-2.4291388893876174,,,,,,,,,,,11.161712591614213,11.161138525333929,,
670,11.280883244637963,176.8895723320027,175.2200012074359,174.00566608443705,,,,4.7799987925641005,3.149083889513946,177.790253297484,-1.59544693713738,4.7799987925641005,3.149083889513946,-1.2530383356558579,-2.3806206134291106,,,,,,,,,,,11.12908434129035,11.128810208516056,,
671,11.297720383809063,177.04679838623218,175.15992819653513,173.79259047477663,,,,4.840071803464866,3.23301109832164,177.79763944906017,-1.5667950405652598,4.840071803464866,3.23301109832164,-1.1809252905593268,-2.3094234943078664,,,,,,,,,,,11.115014879786163,11.114310197301656,,
672,11.314557522980165,176.87563112580227,175.68352611960938,173.3374392119628,,,,4.3164738803906175,3.3662737430115044,177.88464146831006,-1.5640355864861513,4.3164738803906175,3.3662737430115044,-0.9367213650356541,-2.198828657883437,,,,,,,,,,,11.102940137351395,11.101925846086509,,
673,11.331394662151267,176.67633624610184,176.25503216048799,173.02244895621823,,,,3.7449678395120145,3.4380924436987925,177.9302219349398,-1.5352168279831884,3.7449678395120145,3.4380924436987925,-0.6823003497594853,-2.130263213395412,,,,,,,,,,,11.103501303265832,11.102364458525377,,
674,11.348231801322367,176.4406950884016,176.63797462863917,172.78993498417844,,,,3.3620253713608292,3.496984074369692,178.07010280282017,-1.4505927376012342,3.3620253713608292,3.496984074369692,-0.5064683632361012,-2.052293402203384,,,,,,,,,,,11.096727804922182,11.096198083649503,,
675,11.365068940493469,176.58820347439539,176.67374543638914,173.90188145269462,,,,3.32625456361086,3.657198051807228,178.06897630268656,-1.464821223869268,3.32625456361086,3.657198051807228,-0.40597451327152584,-1.9244765773703916,,,,,,,,,,,11.086962227974405,11.08696142170154,,
676,11.38190607966457,176.66410648886875,176.77966969999378,174.23775047080647,,,,3.220330300006225,3.785169553751274,178.07127204938695,-1.5151114244444455,3.220330300006225,3.785169553751274,-0.3009655352597616,-1.7974853759517422,,,,,,,,,,,11.072686360616633,11.072538812682232,,
677,11.398743218835671,176.63849877184458,176.90395560626263,174.09319254476964,,,,3.0960443937373725,4.038614850843516,178.07902260195928,-1.4869566647045902,3.0960443937373725,4.038614850843516,-0.1972723945646067,-1.6448224464933614,,,,,,,,,,,11.068241378308748,11.068075286098441,,
678,11.415580358006773,176.7027717779226,177.0311300314862,173.89812132801444,,,,2.9688699685137863,4.042928165623806,178.18007365520958,-1.552518416224209,2.9688699685137863,4.042928165623806,-0.07170023338935941,-1.5295705779974031,,,,,,,,,,,11.059296587138121,11.05922563512595,,
679,11.432417497177875,176.9325413629101,177.0542318126286,174.00524097083718,,,,2.9457681873714137,4.227070411643581,178.2278451362989,-1.6593785348514298,2.9457681873714137,4.227070411643581,0.018937737066495073,-1.3611950029348052,,,,,,,,,,,11.07879226502759,11.076537926095458,,
680,11.449254636348977,177.08663989616983,177.18401461710545,174.3215231500461,,,,2.815985382894553,4.388071276405981,178.30023637686742,-1.722827257885736,2.815985382894553,4.388071276405981,0.12634618312619397,-1.2476717834626276,,,,,,,,,,,11.155330135610367,11.141891179487054,,
681,11.466091775520077,177.23310163574297,177.25355195736753,174.6911217193215,,,,2.7464480426324656,4.36713219664054,178.39282921080712,-1.782875718228174,2.7464480426324656,4.36713219664054,0.214842692851096,-1.1805640803155517,,,,,,,,,,,11.227039238001247,11.209076284829225,,
682,11.482928914691179,177.32606584016222,177.41313046626814,175.06858526640403,,,,2.586869533731857,4.293362126974358,178.49870863517853,-1.8584688683430368,2.586869533731857,4.293362126974358,0.3081897401352638,-1.13530959691687,,,,,,,,,,,11.291986129868596,11.266921525296638,,
683,11.499766053862281,177.1021352568095,177.60248612396782,175.4553687383822,,,,2.3975138760321784,4.264847723408536,178.6439380007787,-1.7959395502662547,2.3975138760321784,4.264847723408536,0.35189617963205216,-1.1405987469150056,,,,,,,,,,,11.335122534449427,11.311918001378338,,
684,11.516603193033381,177.03865637000956,177.68100029965254,175.67509477294394,,,,2.3189997003474616,4.248191410838615,178.63266238920806,-1.7931253105523364,2.3189997003474616,4.248191410838615,0.394493187665817,-1.1288852147240127,,,,,,,,,,,11.361690031642805,11.340866422343744,,
685,11.533440332204483,176.94911537520244,177.85032435143475,173.8691142153063,,,,2.1496756485652497,4.241085779046841,178.6219221337313,-1.7594972216431028,2.1496756485652497,4.241085779046841,0.48969788763225675,-1.1380702752085798,,,,,,,,,,,11.284488598491667,11.261735578225297,,
686,11.550277471375585,176.9874058618268,177.98064265059946,172.8667484829185,,,,2.0193573494005364,4.456719740101732,178.55660182564927,-1.802346069923842,2.0193573494005364,4.456719740101732,0.6006152332029139,-1.0558949447497423,,,,,,,,,,,11.18016253359704,11.153191899970876,,
687,11.567114610546685,177.00951540086925,177.96808242393524,170.72476797968062,,,,2.0319175760647568,4.566388139966392,178.48954280707386,-1.7835764807238434,2.0319175760647568,4.566388139966392,0.6502558409902933,-1.000010559891393,,,,,,,,,,,11.112040539185077,11.105847557304639,,
688,11.583951749717787,176.95232536131303,178.11362943661467,171.14092897955513,,,,1.8863705633853272,4.526492935150202,178.50153793645387,-1.767178176629145,1.8863705633853272,4.526492935150202,0.7292060799868532,-0.9996235489159198,,,,,,,,,,,11.119642079761666,11.113974787789578,,
